ゲームID,名前,内部ID,局数,最大連荘数,和了数,和了点合計,和了点平均,最高和了点,和了巡目合計,和了巡目平均,ツモ和了,ロン和了,ダマ和了,役満和了,ドラ,赤ドラ,裏ドラ,放銃数,放銃点合計,放銃点平均,立直後放銃,宣言牌放銃,立直数,立直巡目合計,立直巡目平均,立直和了,先制立直,追っかけ立直,副露局数,副露和了,副露回数,門前清自摸和,立直,槍槓,嶺上開花,海底摸月,河底撈魚,役牌 白,役牌 發,役牌 中,役牌:自風牌,役牌:場風牌,断幺九,一盃口,平和,混全帯幺九,一気通貫,三色同順,ダブル立直,三色同刻,三槓子,対々和,三暗刻,小三元,混老頭,七対子,純全帯幺九,混一色,二盃口,清一色,一発,天和,地和,大三元,四暗刻,字一色,緑一色,清老頭,国士無双,小四喜,四槓子,九蓮宝燈,八連荘,純正九蓮宝燈,四暗刻単騎,国士無双十三面待ち,大四喜,燕返し,槓振り,十二落抬,五門斉,三連刻,一色三順,一筒摸月,九筒撈魚,人和,大車輪,大竹林,大数隣,石の上にも三年,大七星,その他の役
260930-5fcd0ba6-3188-4bf2-bde0-588553087550,めいぴょい,67873976,13,4,4,14200,3550,4800,47,11.8,2,2,1,0,1,3,0,0,0,,0,0,1,6,6,1,1,0,4,2,5,1,1,0,0,0,0,0,1,0,0,0,0,0,1,0,1,0,0,0,0,0,0,0,0,0,0,0,0,0,0,0,0,0,0,0,0,0,0,0,0,0,0,0,0,0,0,0,0,0,0,0,0,0,0,0,0,0,0,0,0,0
260930-5fcd0ba6-3188-4bf2-bde0-588553087550,【ぺた】,105037198,13,1,1,3900,3900,3900,12,12,0,1,0,0,0,0,0,5,18100,3620,1,0,2,20,10,0,2,0,3,1,4,0,0,0,0,0,0,0,0,0,0,1,0,0,0,0,0,0,0,0,0,0,0,0,0,0,0,1,0,0,0,0,0,0,0,0,0,0,0,0,0,0,0,0,0,0,0,0,0,0,0,0,0,0,0,0,0,0,0,0,0,0
260930-5fcd0ba6-3188-4bf2-bde0-588553087550,ルート12345,71218983,13,1,3,18000,6000,8000,34,11.3,0,3,1,0,2,2,1,0,0,,0,0,3,22,7.3,2,3,0,2,0,2,0,2,0,0,0,0,1,0,1,0,0,0,0,1,0,0,0,0,0,0,0,0,0,0,0,0,0,0,0,1,0,0,0,0,0,0,0,0,0,0,0,0,0,0,0,0,0,0,0,0,0,0,0,0,0,0,0,0,0,0,0
260930-5fcd0ba6-3188-4bf2-bde0-588553087550,tazmitu,104881189,13,2,3,17500,5833,12000,38,12.7,1,2,2,0,3,3,0,3,14800,4933,0,0,0,0,,0,0,0,5,1,6,0,0,0,0,0,0,0,0,0,0,0,1,0,1,0,0,0,0,0,0,0,0,0,0,1,0,0,0,0,0,0,0,0,0,0,0,0,0,0,0,0,0,0,0,0,0,0,0,0,0,0,0,0,0,0,0,0,0,0,0,0
260930-6b55ee68-9d1f-4242-a79f-4e07468697c5,かんんちゃ,104219450,9,1,2,9500,4750,8000,21,10.5,2,0,1,0,3,0,0,1,1000,1000,1,0,2,23,11.5,0,2,0,2,1,3,1,0,0,0,0,0,0,1,0,0,0,0,0,0,0,0,0,0,0,0,0,0,0,0,0,0,0,0,0,0,0,0,0,0,0,0,0,0,0,0,0,0,0,0,0,0,0,0,0,0,0,0,0,0,0,0,0,0,0,0,0
260930-6b55ee68-9d1f-4242-a79f-4e07468697c5,ハッチz,73365523,9,1,1,1300,1300,1300,17,17,0,1,0,0,0,0,0,1,2000,2000,0,0,1,10,10,1,0,1,3,0,5,0,1,0,0,0,0,0,0,0,0,0,0,0,0,0,0,0,0,0,0,0,0,0,0,0,0,0,0,0,0,0,0,0,0,0,0,0,0,0,0,0,0,0,0,0,0,0,0,0,0,0,0,0,0,0,0,0,0,0,0,0
260930-6b55ee68-9d1f-4242-a79f-4e07468697c5,やまどりぃ,70165094,9,2,5,15000,3000,8000,77,15.4,2,3,1,0,0,0,0,0,0,,0,0,3,33,11,2,2,1,5,2,7,2,2,0,0,0,0,1,0,1,0,0,3,0,1,0,0,0,0,0,0,0,0,0,0,0,0,0,0,0,1,0,0,0,0,0,0,0,0,0,0,0,0,0,0,0,0,0,0,0,0,0,0,0,0,0,0,0,0,0,0,0
260930-6b55ee68-9d1f-4242-a79f-4e07468697c5,あるですけど,67226962,9,1,1,8000,8000,8000,11,11,1,0,0,0,1,2,0,2,3300,1650,1,0,3,33,11,0,2,1,4,1,6,0,0,0,0,0,0,0,0,0,0,0,1,0,0,0,0,0,0,0,0,0,0,0,0,0,0,0,0,0,0,0,0,0,0,0,0,0,0,0,0,0,0,0,0,0,0,0,0,0,0,0,0,0,0,0,0,0,0,0,0,0
260930-a423ab2c-24e5-4513-9882-039a781c89e7,kotetsu0422,68590027,9,1,2,10000,5000,8000,20,10,1,1,0,0,1,1,0,1,1600,1600,0,0,1,8,8,1,1,0,2,1,3,1,1,0,0,0,0,0,1,0,0,1,0,0,0,0,0,0,0,0,0,0,0,0,0,0,0,0,0,0,1,0,0,0,0,0,0,0,0,0,0,0,0,0,0,0,0,0,0,0,0,0,0,0,0,0,0,0,0,0,0,0
260930-a423ab2c-24e5-4513-9882-039a781c89e7,アラキ,72059918,9,2,1,1500,1500,1500,11,11,1,0,0,0,0,0,0,1,2000,2000,0,0,2,20,10,0,2,0,3,1,5,0,0,0,0,0,0,0,1,0,0,0,0,0,0,0,0,0,0,0,0,0,0,0,0,0,0,0,0,0,0,0,0,0,0,0,0,0,0,0,0,0,0,0,0,0,0,0,0,0,0,0,0,0,0,0,0,0,0,0,0,0
260930-a423ab2c-24e5-4513-9882-039a781c89e7,クロミです,105506555,9,1,2,3600,1800,2000,21,10.5,0,2,1,0,0,1,0,0,0,,0,0,0,0,,0,0,0,2,1,3,0,0,0,0,0,0,0,0,0,0,1,0,0,0,0,0,0,0,0,0,0,0,0,0,1,0,0,0,0,0,0,0,0,0,0,0,0,0,0,0,0,0,0,0,0,0,0,0,0,0,0,0,0,0,0,0,0,0,0,0,0
260930-a423ab2c-24e5-4513-9882-039a781c89e7,tazmitu,104881189,9,1,2,10000,5000,8000,24,12,2,0,0,0,3,2,0,1,2000,2000,0,0,1,8,8,0,1,0,2,2,2,0,0,0,0,0,0,0,0,0,0,0,2,0,0,0,0,0,0,0,0,0,0,0,0,0,0,0,0,0,0,0,0,0,0,0,0,0,0,0,0,0,0,0,0,0,0,0,0,0,0,0,0,0,0,0,0,0,0,0,0,0
260930-622a4d6f-ff3a-4dfe-8a67-676178fa905d,Joyo,75385804,14,1,2,24000,12000,16000,23,11.5,2,0,0,0,1,1,1,1,1300,1300,1,0,3,33,11,1,2,1,1,1,2,1,1,0,0,0,0,0,0,0,1,0,0,0,0,0,0,0,0,0,0,0,0,0,0,0,1,1,0,0,1,0,0,0,0,0,0,0,0,0,0,0,0,0,0,0,0,0,0,0,0,0,0,0,0,0,0,0,0,0,0,0
260930-622a4d6f-ff3a-4dfe-8a67-676178fa905d,ミルモでチー,73285256,14,5,3,26500,8833,18000,40,13.3,1,2,0,0,4,1,0,2,20000,10000,0,0,3,33,11,1,2,1,8,2,9,0,1,0,0,0,0,0,0,0,0,0,2,0,0,0,0,0,0,0,0,1,1,0,0,0,0,0,0,0,0,0,0,0,0,0,0,0,0,0,0,0,0,0,0,0,0,0,0,0,0,0,0,0,0,0,0,0,0,0,0,0
260930-622a4d6f-ff3a-4dfe-8a67-676178fa905d,ちたーふ,68331919,14,1,2,5300,2650,4000,17,8.5,1,1,0,0,0,1,0,0,0,,0,0,3,23,7.7,2,3,0,3,0,3,1,2,0,0,0,0,0,0,0,0,0,0,0,0,0,0,0,0,0,0,0,0,0,0,0,0,0,0,0,0,0,0,0,0,0,0,0,0,0,0,0,0,0,0,0,0,0,0,0,0,0,0,0,0,0,0,0,0,0,0,0
260930-622a4d6f-ff3a-4dfe-8a67-676178fa905d,yukke_08,105097753,14,2,4,36000,9000,12000,38,9.5,2,2,1,0,5,2,1,2,23800,11900,0,1,4,47,11.8,2,2,2,6,1,10,2,2,0,0,0,0,0,0,0,0,1,0,0,2,0,0,0,0,0,0,0,0,0,0,0,0,1,0,0,0,0,0,0,0,0,0,0,0,0,0,0,0,0,0,0,0,0,0,0,0,0,0,0,0,0,0,0,0,0,0,0
260923-05ae73ff-d24e-410d-8d30-386941388f0a,十勝寅,107259820,11,2,1,3900,3900,3900,8,8,0,1,0,0,0,0,1,1,8000,8000,0,0,1,5,5,1,1,0,3,0,4,0,1,0,0,0,0,0,0,0,0,0,0,0,0,0,0,0,0,0,0,0,0,0,0,0,0,0,0,0,0,0,0,0,0,0,0,0,0,0,0,0,0,0,0,0,0,0,0,0,0,0,0,0,0,0,0,0,0,0,0,0
260923-05ae73ff-d24e-410d-8d30-386941388f0a,めいぴょい,67873976,11,1,3,10400,3467,3900,40,13.3,0,3,0,0,1,1,0,0,0,,0,0,1,12,12,1,1,0,2,2,3,0,1,0,0,0,0,0,0,0,0,1,1,1,1,0,0,1,0,0,0,0,0,0,0,0,0,0,0,0,0,0,0,0,0,0,0,0,0,0,0,0,0,0,0,0,0,0,0,0,0,0,0,0,0,0,0,0,0,0,0,0
260923-05ae73ff-d24e-410d-8d30-386941388f0a,【ぺた】,105037198,11,1,3,17500,5833,8000,39,13,1,2,2,0,1,2,0,1,2600,2600,0,0,2,24,12,1,2,0,1,0,1,1,1,0,0,0,0,0,0,0,0,0,1,1,3,0,0,0,0,0,0,0,0,0,0,0,0,0,0,0,1,0,0,0,0,0,0,0,0,0,0,0,0,0,0,0,0,0,0,0,0,0,0,0,0,0,0,0,0,0,0,0
260923-05ae73ff-d24e-410d-8d30-386941388f0a,suzuken3,74756413,11,3,1,7800,7800,7800,4,4,1,0,0,0,0,0,0,4,19700,4925,2,0,4,27,6.8,1,2,2,3,0,6,1,0,0,0,0,0,0,0,0,0,0,0,0,1,0,0,0,1,0,0,0,0,0,0,0,0,0,0,0,0,0,0,0,0,0,0,0,0,0,0,0,0,0,0,0,0,0,0,0,0,0,0,0,0,0,0,0,0,0,0,0
260923-6a6897b2-a333-491a-9c48-7efc441629d1,ルート12345,71218983,15,1,2,13000,6500,12000,14,7,1,1,0,0,1,2,1,2,6200,3100,0,0,2,10,5,1,2,0,4,1,4,1,1,0,0,0,0,0,0,1,0,0,0,0,1,0,0,0,0,0,0,0,0,0,0,0,0,0,0,0,0,0,0,0,0,0,0,0,0,0,0,0,0,0,0,0,0,0,0,0,0,0,0,0,0,0,0,0,0,0,0,0
260923-6a6897b2-a333-491a-9c48-7efc441629d1,あるですけど,67226962,15,1,0,0,,,0,,0,0,0,0,0,0,0,5,25000,5000,1,1,3,28,9.3,0,3,0,4,0,4,0,0,0,0,0,0,0,0,0,0,0,0,0,0,0,0,0,0,0,0,0,0,0,0,0,0,0,0,0,0,0,0,0,0,0,0,0,0,0,0,0,0,0,0,0,0,0,0,0,0,0,0,0,0,0,0,0,0,0,0,0
260923-6a6897b2-a333-491a-9c48-7efc441629d1,ぞじまーじゃん,105455563,15,6,7,35900,5129,12000,87,12.4,3,4,0,0,0,4,1,2,4900,2450,0,0,3,27,9,3,3,0,6,4,9,1,3,0,0,0,0,0,0,1,0,1,3,0,1,0,0,0,0,0,0,0,0,0,0,0,0,0,0,0,2,0,0,0,0,0,0,0,0,0,0,0,0,0,0,0,0,0,0,0,0,0,0,0,0,0,0,0,0,0,0,0
260923-6a6897b2-a333-491a-9c48-7efc441629d1,まー29,74057136,15,3,5,16300,3260,5200,53,10.6,0,5,0,0,0,3,1,1,1000,1000,1,0,4,31,7.8,2,3,1,6,3,9,0,2,0,0,0,0,1,0,0,1,0,1,1,0,0,0,0,0,0,0,0,0,0,0,0,0,0,0,0,0,0,0,0,0,0,0,0,0,0,0,0,0,0,0,0,0,0,0,0,0,0,0,0,0,0,0,0,0,0,0,0
260923-9cb3bbf7-b64a-4e5a-8450-a0330ab60d32,ココとコマ,108188428,12,1,3,21100,7033,12000,25,8.3,2,1,0,0,5,1,0,3,12000,4000,0,0,1,5,5,1,1,0,4,2,6,1,1,0,0,0,0,0,0,1,1,0,0,0,1,0,0,0,0,0,0,0,0,0,0,0,0,0,0,0,1,0,0,0,0,0,0,0,0,0,0,0,0,0,0,0,0,0,0,0,0,0,0,0,0,0,0,0,0,0,0,0
260923-9cb3bbf7-b64a-4e5a-8450-a0330ab60d32,yukke_08,105097753,12,3,4,20600,5150,8000,42,10.5,1,3,0,0,4,3,1,0,0,,0,0,1,5,5,1,1,0,4,3,6,0,1,0,0,0,0,0,0,1,1,0,1,0,1,0,0,0,0,0,0,0,0,0,0,0,0,0,0,0,0,0,0,0,0,0,0,0,0,0,0,0,0,0,0,0,0,0,0,0,0,0,0,0,0,0,0,0,0,0,0,0
260923-9cb3bbf7-b64a-4e5a-8450-a0330ab60d32,crac,72766841,12,2,1,5200,5200,5200,9,9,0,1,0,0,0,0,0,2,11900,5950,0,0,0,0,,0,0,0,5,1,8,0,0,0,0,0,0,0,0,1,0,0,0,0,0,0,0,0,0,0,0,0,0,0,0,0,0,1,0,0,0,0,0,0,0,0,0,0,0,0,0,0,0,0,0,0,0,0,0,0,0,0,0,0,0,0,0,0,0,0,0,0
260923-9cb3bbf7-b64a-4e5a-8450-a0330ab60d32,wot毒舌妹bot,68739482,12,1,2,3000,1500,2000,13,6.5,1,1,0,0,1,0,0,1,2900,2900,0,0,4,42,10.5,0,3,1,4,2,5,0,0,0,0,0,0,0,1,0,0,0,1,0,0,0,0,0,0,0,0,0,0,0,0,0,0,0,0,0,0,0,0,0,0,0,0,0,0,0,0,0,0,0,0,0,0,0,0,0,0,0,0,0,0,0,0,0,0,0,0,0
260923-5844bf0b-e86b-42c8-ba62-8a27459ac12e,ルート12345,71218983,11,1,0,0,,,0,,0,0,0,0,0,0,0,1,5800,5800,0,0,3,24,8,0,2,1,3,0,4,0,0,0,0,0,0,0,0,0,0,0,0,0,0,0,0,0,0,0,0,0,0,0,0,0,0,0,0,0,0,0,0,0,0,0,0,0,0,0,0,0,0,0,0,0,0,0,0,0,0,0,0,0,0,0,0,0,0,0,0,0
260923-5844bf0b-e86b-42c8-ba62-8a27459ac12e,あるですけど,67226962,11,1,1,1000,1000,1000,12,12,0,1,0,0,0,0,0,1,1300,1300,0,0,1,10,10,0,0,1,6,1,8,0,0,0,0,0,0,0,0,1,0,0,0,0,0,0,0,0,0,0,0,0,0,0,0,0,0,0,0,0,0,0,0,0,0,0,0,0,0,0,0,0,0,0,0,0,0,0,0,0,0,0,0,0,0,0,0,0,0,0,0,0
260923-5844bf0b-e86b-42c8-ba62-8a27459ac12e,tazmitu,104881189,11,2,6,23100,3850,7700,58,9.7,5,1,0,0,2,2,1,0,0,,0,0,3,29,9.7,3,3,0,4,3,4,2,3,0,0,0,0,1,0,0,1,0,1,0,1,0,0,0,0,0,0,0,0,0,0,0,0,0,0,0,1,0,0,0,0,0,0,0,0,0,0,0,0,0,0,0,0,0,0,0,0,0,0,0,0,0,0,0,0,0,0,0
260923-5844bf0b-e86b-42c8-ba62-8a27459ac12e,ちたーふ,68331919,11,3,2,7100,3550,5800,27,13.5,0,2,0,0,2,0,0,2,8700,4350,0,0,2,15,7.5,1,2,0,4,1,5,0,1,0,0,0,0,0,0,0,0,0,1,0,0,0,0,0,0,0,0,0,0,0,0,0,0,0,0,0,0,0,0,0,0,0,0,0,0,0,0,0,0,0,0,0,0,0,0,0,0,0,0,0,0,0,0,0,0,0,0,0
260923-555d14a1-dc2f-4685-9809-5b2beaa78239,綴美,74124071,11,1,1,1100,1100,1100,11,11,1,0,0,0,0,0,0,5,32100,6420,0,0,0,0,,0,0,0,3,1,5,0,0,0,0,0,0,0,0,0,0,0,1,0,0,0,0,0,0,0,0,0,0,0,0,0,0,0,0,0,0,0,0,0,0,0,0,0,0,0,0,0,0,0,0,0,0,0,0,0,0,0,0,0,0,0,0,0,0,0,0,0
260923-555d14a1-dc2f-4685-9809-5b2beaa78239,kotetsu0422,68590027,11,1,2,12000,6000,8000,23,11.5,1,1,0,0,3,1,0,0,0,,0,0,1,10,10,0,1,0,3,2,4,0,0,0,0,0,0,0,1,0,0,0,1,0,0,0,0,0,0,0,0,0,0,0,0,0,0,1,0,0,0,0,0,0,0,0,0,0,0,0,0,0,0,0,0,0,0,0,0,0,0,0,0,0,0,0,0,0,0,0,0,0
260923-555d14a1-dc2f-4685-9809-5b2beaa78239,Akise299,101770365,11,4,8,60100,7513,24000,100,12.5,1,7,2,0,7,4,0,0,0,,0,0,0,0,,0,0,0,6,6,9,0,0,0,0,0,0,1,1,0,1,1,3,0,1,0,0,0,0,0,0,0,0,0,0,1,0,2,1,0,0,0,0,0,0,0,0,0,0,0,0,0,0,0,0,0,0,0,0,0,0,0,0,0,0,0,0,0,0,0,0,0
260923-555d14a1-dc2f-4685-9809-5b2beaa78239,かんんちゃ,104219450,11,1,0,0,,,0,,0,0,0,0,0,0,0,3,28000,9333,0,0,1,9,9,0,1,0,2,0,4,0,0,0,0,0,0,0,0,0,0,0,0,0,0,0,0,0,0,0,0,0,0,0,0,0,0,0,0,0,0,0,0,0,0,0,0,0,0,0,0,0,0,0,0,0,0,0,0,0,0,0,0,0,0,0,0,0,0,0,0,0
260926-f9e1812d-ba64-4652-b2ac-e05c4de99f0c,wot毒舌妹bot,68739482,9,2,0,0,,,0,,0,0,0,0,0,0,0,1,3900,3900,0,0,2,20,10,0,1,1,2,0,3,0,0,0,0,0,0,0,0,0,0,0,0,0,0,0,0,0,0,0,0,0,0,0,0,0,0,0,0,0,0,0,0,0,0,0,0,0,0,0,0,0,0,0,0,0,0,0,0,0,0,0,0,0,0,0,0,0,0,0,0,0
260926-f9e1812d-ba64-4652-b2ac-e05c4de99f0c,富士丸ラーメン,68893579,9,1,2,4000,2000,2000,27,13.5,0,2,0,0,0,0,0,2,7800,3900,0,1,2,12,6,2,2,0,0,0,0,0,2,0,0,0,0,0,0,0,0,0,0,0,2,0,0,0,0,0,0,0,0,0,0,0,0,0,0,0,0,0,0,0,0,0,0,0,0,0,0,0,0,0,0,0,0,0,0,0,0,0,0,0,0,0,0,0,0,0,0,0
260926-f9e1812d-ba64-4652-b2ac-e05c4de99f0c,佐鳥乃愛,69081183,9,1,2,9100,4550,5200,22,11,1,1,0,0,1,1,1,0,0,,0,0,2,18,9,1,2,0,3,1,4,1,1,0,0,0,0,1,0,0,0,0,0,0,0,0,0,0,0,0,0,0,0,0,0,0,0,0,0,0,0,0,0,0,0,0,0,0,0,0,0,0,0,0,0,0,0,0,0,0,0,0,0,0,0,0,0,0,0,0,0,0
260926-f9e1812d-ba64-4652-b2ac-e05c4de99f0c,クロミです,105506555,9,1,3,10500,3500,3900,28,9.3,1,2,0,0,1,2,0,2,4000,2000,1,0,2,19,9.5,1,1,1,3,2,4,1,1,0,0,0,0,0,1,0,1,1,0,0,1,0,0,0,0,0,0,0,0,0,0,0,0,0,0,0,0,0,0,0,0,0,0,0,0,0,0,0,0,0,0,0,0,0,0,0,0,0,0,0,0,0,0,0,0,0,0,0
260926-621c03ef-4ad7-4ad3-b1b7-b2a694d521ee,しゅんんたろう,72710728,11,1,4,19800,4950,8000,54,13.5,1,3,0,0,3,2,1,0,0,,0,0,2,15,7.5,2,2,0,4,2,5,1,2,0,0,1,0,1,1,0,0,0,0,0,1,0,0,0,0,0,0,0,0,0,0,0,0,0,0,0,0,0,0,0,0,0,0,0,0,0,0,0,0,0,0,0,0,0,0,0,0,0,0,0,0,0,0,0,0,0,0,0
260926-621c03ef-4ad7-4ad3-b1b7-b2a694d521ee,かんんちゃ,104219450,11,2,2,6900,3450,4000,22,11,1,1,0,0,1,2,0,3,19900,6633,0,0,1,10,10,0,1,0,5,2,9,0,0,0,0,0,0,0,1,0,1,0,0,0,0,0,0,0,0,0,0,0,0,0,0,0,0,0,0,0,0,0,0,0,0,0,0,0,0,0,0,0,0,0,0,0,0,0,0,0,0,0,0,0,0,0,0,0,0,0,0,0
260926-621c03ef-4ad7-4ad3-b1b7-b2a694d521ee,ひつじ04,69255735,11,1,0,0,,,0,,0,0,0,0,0,0,0,1,2900,2900,0,0,0,0,,0,0,0,2,0,3,0,0,0,0,0,0,0,0,0,0,0,0,0,0,0,0,0,0,0,0,0,0,0,0,0,0,0,0,0,0,0,0,0,0,0,0,0,0,0,0,0,0,0,0,0,0,0,0,0,0,0,0,0,0,0,0,0,0,0,0,0
260926-621c03ef-4ad7-4ad3-b1b7-b2a694d521ee,ここここきじゅ,70424557,11,2,3,25200,8400,12000,34,11.3,2,1,1,0,3,2,0,1,3900,3900,0,0,2,12,6,2,2,0,4,0,4,2,2,0,0,0,0,0,0,0,0,0,1,0,2,0,0,0,0,1,0,0,0,0,0,0,0,0,0,0,0,0,0,0,0,0,0,0,0,0,0,0,0,0,0,0,0,0,0,0,0,0,0,0,0,0,0,0,0,0,0,0
260926-7458c74a-539b-4747-a975-79464c8f3b21,ちたーふ,68331919,10,1,1,2000,2000,2000,11,11,0,1,0,0,0,0,0,1,2000,2000,0,0,2,16,8,1,2,0,4,0,5,0,1,0,0,0,0,0,0,0,0,0,0,0,1,0,0,0,0,0,0,0,0,0,0,0,0,0,0,0,0,0,0,0,0,0,0,0,0,0,0,0,0,0,0,0,0,0,0,0,0,0,0,0,0,0,0,0,0,0,0,0
260926-7458c74a-539b-4747-a975-79464c8f3b21,やまどりぃ,70165094,10,2,2,11900,5950,8000,16,8,0,2,1,0,0,3,1,2,4000,2000,0,0,3,23,7.7,1,3,0,4,0,5,0,1,0,0,0,0,0,0,0,0,0,0,0,1,0,0,1,0,0,0,0,0,0,0,0,0,0,0,0,0,0,0,0,0,0,0,0,0,0,0,0,0,0,0,0,0,0,0,0,0,0,0,0,0,0,0,0,0,0,0,0
260926-7458c74a-539b-4747-a975-79464c8f3b21,【ぺた】,105037198,10,1,1,8000,8000,8000,14,14,1,0,0,0,0,1,0,2,20000,10000,1,0,2,22,11,1,2,0,3,0,5,1,1,0,0,0,0,0,0,0,0,0,0,0,1,0,0,0,0,0,0,0,0,0,0,0,0,0,0,0,1,0,0,0,0,0,0,0,0,0,0,0,0,0,0,0,0,0,0,0,0,0,0,0,0,0,0,0,0,0,0,0
260926-7458c74a-539b-4747-a975-79464c8f3b21,めいぴょい,67873976,10,2,3,16000,5333,12000,45,15,0,3,0,0,2,1,1,1,3900,3900,0,0,2,15,7.5,2,1,1,3,1,5,0,2,0,0,0,0,0,0,0,0,0,1,0,1,0,0,0,0,0,0,0,0,0,0,0,0,0,0,0,0,0,0,0,0,0,0,0,0,0,0,0,0,0,0,0,0,0,0,0,0,0,0,0,0,0,0,0,0,0,0,0
260926-3b1d5eb3-f641-45e3-90d0-3ff182d8722f,ちたーふ,68331919,9,1,2,5000,2500,4000,29,14.5,1,1,1,0,0,1,0,1,8000,8000,1,0,3,32,10.7,1,3,0,3,0,6,1,1,0,0,0,0,0,0,0,0,0,0,0,1,0,0,0,0,0,0,0,0,0,0,0,0,0,0,0,0,0,0,0,0,0,0,0,0,0,0,0,0,0,0,0,0,0,0,0,0,0,0,0,0,0,0,0,0,0,0,0
260926-3b1d5eb3-f641-45e3-90d0-3ff182d8722f,tsuna_san,105687437,9,1,0,0,,,0,,0,0,0,0,0,0,0,3,7500,2500,1,0,3,21,7,0,3,0,0,0,0,0,0,0,0,0,0,0,0,0,0,0,0,0,0,0,0,0,0,0,0,0,0,0,0,0,0,0,0,0,0,0,0,0,0,0,0,0,0,0,0,0,0,0,0,0,0,0,0,0,0,0,0,0,0,0,0,0,0,0,0,0
260926-3b1d5eb3-f641-45e3-90d0-3ff182d8722f,アラキ,72059918,9,1,3,14500,4833,8000,37,12.3,0,3,1,0,3,0,0,0,0,,0,0,1,11,11,1,0,1,3,1,4,0,1,0,0,0,0,0,0,0,0,0,1,0,1,0,0,0,0,0,0,0,0,0,0,0,0,1,0,0,1,0,0,0,0,0,0,0,0,0,0,0,0,0,0,0,0,0,0,0,0,0,0,0,0,0,0,0,0,0,0,0
260926-3b1d5eb3-f641-45e3-90d0-3ff182d8722f,ーはまちー,106149892,9,2,1,2000,2000,2000,15,15,1,0,0,0,0,0,0,0,0,,0,0,1,9,9,1,1,0,3,0,4,1,1,0,0,0,0,0,0,0,0,0,0,0,0,0,0,0,0,0,0,0,0,0,0,0,0,0,0,0,0,0,0,0,0,0,0,0,0,0,0,0,0,0,0,0,0,0,0,0,0,0,0,0,0,0,0,0,0,0,0,0
260926-08eeb23d-ee46-4abe-bfab-d50e295f13ea,プニ太郎,72075163,12,1,1,1300,1300,1300,14,14,0,1,1,0,0,0,0,3,19200,6400,1,0,3,29,9.7,0,2,1,3,0,4,0,0,0,0,0,0,0,0,0,0,0,1,0,0,0,0,0,0,0,0,0,0,0,0,0,0,0,0,0,0,0,0,0,0,0,0,0,0,0,0,0,0,0,0,0,0,0,0,0,0,0,0,0,0,0,0,0,0,0,0,0
260926-08eeb23d-ee46-4abe-bfab-d50e295f13ea,かんんちゃ,104219450,12,1,3,13900,4633,8000,36,12,0,3,1,0,2,2,0,3,4500,1500,0,0,3,28,9.3,2,2,1,3,0,5,0,2,0,0,0,0,0,0,0,0,0,0,0,2,0,0,0,0,0,0,0,0,0,0,1,0,0,0,0,0,0,0,0,0,0,0,0,0,0,0,0,0,0,0,0,0,0,0,0,0,0,0,0,0,0,0,0,0,0,0,0
260926-08eeb23d-ee46-4abe-bfab-d50e295f13ea,のあだよ〜ん,105124802,12,3,5,33700,6740,24000,64,12.8,0,5,0,0,1,2,5,2,11900,5950,1,0,5,57,11.4,3,4,1,3,2,4,0,3,0,0,0,0,1,0,2,0,0,0,0,0,0,0,0,0,0,0,0,0,0,0,0,0,0,0,0,0,0,0,0,0,0,0,0,0,0,0,0,0,0,0,0,0,0,0,0,0,0,0,0,0,0,0,0,0,0,0,0
260926-08eeb23d-ee46-4abe-bfab-d50e295f13ea,ミルモでチー,73285256,12,2,3,25100,8367,12000,34,11.3,2,1,0,0,2,1,0,2,25300,12650,0,0,2,17,8.5,2,1,1,5,1,9,1,2,0,0,0,0,0,1,0,0,0,0,0,1,0,1,0,0,0,0,0,0,0,0,0,0,0,0,0,1,0,0,0,0,0,0,0,0,0,0,0,0,0,0,0,0,0,0,0,0,0,0,0,0,0,0,0,0,0,0,0
260926-9cdb38c9-1d3c-4cdd-8e2f-4bb2ade13464,けーびぃー,71230039,10,1,1,1300,1300,1300,10,10,0,1,0,0,0,0,0,3,21900,7300,1,0,2,13,6.5,1,1,1,4,0,7,0,1,0,0,0,0,0,0,0,0,0,0,0,0,0,0,0,0,0,0,0,0,0,0,0,0,0,0,0,0,0,0,0,0,0,0,0,0,0,0,0,0,0,0,0,0,0,0,0,0,0,0,0,0,0,0,0,0,0,0,0
260926-9cdb38c9-1d3c-4cdd-8e2f-4bb2ade13464,いぐすけ,71312891,10,1,1,1500,1500,1500,8,8,1,0,1,0,0,0,0,1,2600,2600,0,0,1,5,5,0,1,0,3,0,7,1,0,0,0,0,0,0,0,0,0,0,0,0,1,0,0,0,0,0,0,0,0,0,0,0,0,0,0,0,0,0,0,0,0,0,0,0,0,0,0,0,0,0,0,0,0,0,0,0,0,0,0,0,0,0,0,0,0,0,0,0
260926-9cdb38c9-1d3c-4cdd-8e2f-4bb2ade13464,アヤコぽん,67125080,10,2,3,7300,2433,4000,38,12.7,2,1,1,0,2,1,0,1,1300,1300,0,0,3,27,9,1,2,1,2,1,2,1,1,0,0,0,0,0,1,0,0,0,0,0,0,0,0,0,0,0,0,0,0,0,0,0,0,0,0,0,0,0,0,0,0,0,0,0,0,0,0,0,0,0,0,0,0,0,0,0,0,0,0,0,0,0,0,0,0,0,0,0
260926-9cdb38c9-1d3c-4cdd-8e2f-4bb2ade13464,ルート12345,71218983,10,2,3,23200,7733,18000,39,13,0,3,0,0,1,3,0,0,0,,0,0,2,22,11,2,2,0,3,1,4,0,2,0,0,0,0,0,0,0,0,0,1,0,1,0,0,0,0,0,0,1,0,0,0,0,0,0,0,0,1,0,0,0,0,0,0,0,0,0,0,0,0,0,0,0,0,0,0,0,0,0,0,0,0,0,0,0,0,0,0,0
260928-c9c2af90-640b-4c00-9adc-0de0cc1f45ee,アラキ,72059918,15,3,3,20600,6867,8000,21,7,1,2,0,0,3,1,0,2,3200,1600,1,0,3,21,7,2,3,0,5,1,9,1,2,0,0,0,0,0,0,0,0,0,1,0,1,0,0,0,0,0,0,0,0,0,0,1,0,0,0,0,0,0,0,0,0,0,0,0,0,0,0,0,0,0,0,0,0,0,0,0,0,0,0,0,0,0,0,0,0,0,0,0
260928-c9c2af90-640b-4c00-9adc-0de0cc1f45ee,ぞじまーじゃん,105455563,15,4,6,24200,4033,7800,60,10,3,3,1,0,2,3,0,0,0,,0,0,3,21,7,3,3,0,2,2,4,3,3,0,0,0,0,0,0,1,0,0,0,0,1,0,0,0,0,0,0,0,0,0,0,0,0,1,0,0,0,0,0,0,0,0,0,0,0,0,0,0,0,0,0,0,0,0,0,0,0,0,0,0,0,0,0,0,0,0,0,0
260928-c9c2af90-640b-4c00-9adc-0de0cc1f45ee,かんんちゃ,104219450,15,1,1,5200,5200,5200,11,11,1,0,0,0,0,0,1,3,14500,4833,0,0,1,5,5,1,1,0,3,0,5,1,1,0,0,0,0,0,0,0,0,0,0,0,1,0,0,0,0,0,0,0,0,0,0,0,0,0,0,0,0,0,0,0,0,0,0,0,0,0,0,0,0,0,0,0,0,0,0,0,0,0,0,0,0,0,0,0,0,0,0,0
260928-c9c2af90-640b-4c00-9adc-0de0cc1f45ee,いぐすけ,71312891,15,3,3,13300,4433,7700,42,14,1,2,1,0,2,2,0,2,13800,6900,1,1,6,56,9.3,1,4,2,3,1,4,0,1,0,0,0,0,0,0,0,0,0,1,0,0,0,0,0,0,0,0,0,0,0,0,1,0,0,0,0,0,0,0,0,0,0,0,0,0,0,0,0,0,0,0,0,0,0,0,0,0,0,0,0,0,0,0,0,0,0,0,0
260928-fe209529-0b12-4bad-aab5-94a46fefba2b,佐鳥乃愛,69081183,16,4,5,30200,6040,12000,61,12.2,2,3,0,0,2,1,0,1,8000,8000,0,0,4,33,8.3,3,3,1,5,2,5,1,3,0,0,0,1,2,0,0,1,1,0,0,1,0,0,0,0,0,0,1,0,0,0,0,0,0,0,0,1,0,0,0,0,0,0,0,0,0,0,0,0,0,0,0,0,0,0,0,0,0,0,0,0,0,0,0,0,0,0,0
260928-fe209529-0b12-4bad-aab5-94a46fefba2b,まー29,74057136,16,3,2,19800,9900,12000,22,11,1,1,0,0,1,2,1,2,7800,3900,1,0,6,33,5.5,2,6,0,4,0,6,1,1,0,0,0,0,0,0,0,0,0,0,1,0,0,0,0,1,0,0,0,0,0,0,0,0,0,0,0,0,0,0,0,0,0,0,0,0,0,0,0,0,0,0,0,0,0,0,0,0,0,0,0,0,0,0,0,0,0,0,0
260928-fe209529-0b12-4bad-aab5-94a46fefba2b,うに嫌い。,71559773,16,3,2,6600,3300,4000,21,10.5,1,1,0,0,0,0,2,1,3900,3900,1,0,6,58,9.7,2,4,2,1,0,2,1,2,0,0,0,0,0,0,0,0,0,0,0,0,0,0,0,0,0,0,0,0,0,0,0,0,0,0,0,0,0,0,0,0,0,0,0,0,0,0,0,0,0,0,0,0,0,0,0,0,0,0,0,0,0,0,0,0,0,0,0
260928-fe209529-0b12-4bad-aab5-94a46fefba2b,wot毒舌妹bot,68739482,16,2,4,39800,9950,16000,44,11,3,1,0,0,3,2,4,2,17200,8600,0,1,3,21,7,3,3,0,6,1,7,2,3,0,0,0,0,1,0,0,1,1,1,0,1,0,0,0,0,0,0,0,0,0,0,0,0,0,0,0,0,0,0,0,0,0,0,0,0,0,0,0,0,0,0,0,0,0,0,0,0,0,0,0,0,0,0,0,0,0,0,0
260928-a71a58dd-2d78-4992-9218-1aeebdb4a447,クッション枕,105441586,12,1,2,9300,4650,8000,26,13,0,2,0,0,1,1,1,1,8000,8000,0,0,3,28,9.3,2,3,0,0,0,0,0,2,0,0,0,0,0,0,0,0,0,0,0,0,0,0,0,0,0,0,0,0,0,0,0,0,0,0,0,0,0,0,0,0,0,0,0,0,0,0,0,0,0,0,0,0,0,0,0,0,0,0,0,0,0,0,0,0,0,0,0
260928-a71a58dd-2d78-4992-9218-1aeebdb4a447,CVココア,68095635,12,1,0,0,,,0,,0,0,0,0,0,0,0,3,19900,6633,0,0,1,12,12,0,1,0,3,0,5,0,0,0,0,0,0,0,0,0,0,0,0,0,0,0,0,0,0,0,0,0,0,0,0,0,0,0,0,0,0,0,0,0,0,0,0,0,0,0,0,0,0,0,0,0,0,0,0,0,0,0,0,0,0,0,0,0,0,0,0,0
260928-a71a58dd-2d78-4992-9218-1aeebdb4a447,綴美,74124071,12,2,3,19900,6633,8000,43,14.3,1,2,1,0,0,2,1,1,1300,1300,0,0,3,30,10,1,3,0,3,1,3,1,1,0,0,0,0,0,0,0,1,1,2,0,0,0,0,0,0,0,0,0,1,0,0,0,0,0,0,0,1,0,0,0,0,0,0,0,0,0,0,0,0,0,0,0,0,0,0,0,0,0,0,0,0,0,0,0,0,0,0,0
260928-a71a58dd-2d78-4992-9218-1aeebdb4a447,モモンs,68082950,12,4,1,8000,8000,8000,13,13,0,1,0,0,0,0,0,0,0,,0,0,2,18,9,0,1,1,4,1,7,0,0,0,0,0,0,0,0,0,1,1,0,0,0,0,0,0,0,0,0,0,0,0,0,0,0,1,0,0,0,0,0,0,0,0,0,0,0,0,0,0,0,0,0,0,0,0,0,0,0,0,0,0,0,0,0,0,0,0,0,0
260928-31ec935b-c281-4953-a1c7-1a10f2621e14,パラセクト。,68814370,10,1,1,2000,2000,2000,15,15,1,0,0,0,0,0,0,3,17300,5767,1,0,2,23,11.5,0,0,2,2,1,2,0,0,0,0,0,0,0,0,0,1,1,0,0,0,0,0,0,0,0,0,0,0,0,0,0,0,0,0,0,0,0,0,0,0,0,0,0,0,0,0,0,0,0,0,0,0,0,0,0,0,0,0,0,0,0,0,0,0,0,0,0
260928-31ec935b-c281-4953-a1c7-1a10f2621e14,龍華。。,100912361,10,2,2,11900,5950,8000,12,6,0,2,0,0,1,1,1,1,8000,8000,0,0,3,14,4.7,2,3,0,0,0,0,0,2,0,0,0,0,0,0,0,0,0,0,0,1,0,0,0,0,0,0,0,0,0,0,0,0,0,0,0,1,0,0,0,0,0,0,0,0,0,0,0,0,0,0,0,0,0,0,0,0,0,0,0,0,0,0,0,0,0,0,0
260928-31ec935b-c281-4953-a1c7-1a10f2621e14,ーはまちー,106149892,10,1,2,9300,4650,8000,16,8,0,2,0,0,1,1,0,2,5900,2950,0,0,3,35,11.7,1,3,0,2,1,5,0,1,0,0,0,0,0,0,0,1,0,0,0,1,0,0,0,0,0,0,0,0,0,0,0,0,0,0,0,0,0,0,0,0,0,0,0,0,0,0,0,0,0,0,0,0,0,0,0,0,0,0,0,0,0,0,0,0,0,0,0
260928-31ec935b-c281-4953-a1c7-1a10f2621e14,ミラージュ梅,108670986,10,1,3,12000,4000,8000,30,10,1,2,0,0,0,3,3,0,0,,0,0,1,7,7,1,1,0,2,2,4,0,1,0,0,0,0,1,0,0,1,0,0,0,0,0,0,0,0,0,0,0,0,0,0,0,0,0,0,0,0,0,0,0,0,0,0,0,0,0,0,0,0,0,0,0,0,0,0,0,0,0,0,0,0,0,0,0,0,0,0,0
260928-804652a2-6089-435d-aded-2525ff7208d3,Akise299,101770365,14,5,4,25200,6300,12000,45,11.3,0,4,2,0,4,2,0,1,2600,2600,0,0,1,5,5,1,1,0,5,1,7,0,1,0,0,0,0,1,0,0,1,1,0,1,0,0,0,0,0,0,0,0,0,0,0,0,0,0,0,0,0,0,0,0,0,0,0,0,0,0,0,0,0,0,0,0,0,0,0,0,0,0,0,0,0,0,0,0,0,0,0,0
260928-804652a2-6089-435d-aded-2525ff7208d3,ぞじまーじゃん,105455563,14,1,1,8000,8000,8000,17,17,0,1,0,0,0,1,0,3,11700,3900,0,0,2,19,9.5,1,0,2,4,0,6,0,1,0,0,0,0,0,0,0,0,0,0,1,1,0,0,0,0,0,0,0,0,0,0,0,0,0,0,0,0,0,0,0,0,0,0,0,0,0,0,0,0,0,0,0,0,0,0,0,0,0,0,0,0,0,0,0,0,0,0,0
260928-804652a2-6089-435d-aded-2525ff7208d3,閄くん,102172268,14,2,5,20500,4100,8000,48,9.6,2,3,1,0,2,1,2,1,2600,2600,0,0,4,34,8.5,3,4,0,5,1,8,2,3,0,0,0,0,0,0,0,1,0,1,0,0,0,0,0,0,0,0,0,0,0,0,0,0,0,0,0,1,0,0,0,0,0,0,0,0,0,0,0,0,0,0,0,0,0,0,0,0,0,0,0,0,0,0,0,0,0,0,0
260928-804652a2-6089-435d-aded-2525ff7208d3,crac,72766841,14,2,2,18000,9000,12000,35,17.5,2,0,0,0,2,0,1,3,24800,8267,1,0,3,26,8.7,2,3,0,2,0,2,2,2,0,0,0,0,0,0,0,0,0,1,0,1,0,0,0,0,0,0,0,0,0,0,0,0,0,0,0,0,0,0,0,0,0,0,0,0,0,0,0,0,0,0,0,0,0,0,0,0,0,0,0,0,0,0,0,0,0,0,0
260928-15cdaee1-aa44-4035-ab09-dd6808761c6c,のあだよ〜ん,105124802,17,3,5,24900,4980,12000,57,11.4,3,2,0,0,2,2,2,4,23200,5800,2,0,4,36,9,2,3,1,5,3,6,1,2,0,0,0,0,1,1,0,1,0,0,0,1,0,0,0,0,0,0,0,0,0,0,0,0,0,0,0,1,0,0,0,0,0,0,0,0,0,0,0,0,0,0,0,0,0,0,0,0,0,0,0,0,0,0,0,0,0,0,0
260928-15cdaee1-aa44-4035-ab09-dd6808761c6c,きょーか8,69157106,17,2,3,25200,8400,12000,35,11.7,0,3,0,0,6,1,0,2,5400,2700,0,0,1,12,12,1,1,0,4,2,6,0,1,0,0,0,0,1,1,1,0,0,0,0,0,0,0,0,0,0,0,0,0,0,0,0,0,0,0,0,1,0,0,0,0,0,0,0,0,0,0,0,0,0,0,0,0,0,0,0,0,0,0,0,0,0,0,0,0,0,0,0
260928-15cdaee1-aa44-4035-ab09-dd6808761c6c,ミルモでチー,73285256,17,6,6,26000,4333,8000,57,9.5,1,5,0,0,1,4,1,2,13200,6600,0,0,4,26,6.5,3,4,0,5,3,6,1,3,0,0,0,0,0,1,1,0,0,0,0,0,0,1,0,0,0,0,0,0,0,0,0,0,0,0,0,2,0,0,0,0,0,0,0,0,0,0,0,0,0,0,0,0,0,0,0,0,0,0,0,0,0,0,0,0,0,0,0
260928-15cdaee1-aa44-4035-ab09-dd6808761c6c,tsuna_san,105687437,17,2,2,9500,4750,8000,23,11.5,1,1,0,0,0,1,0,3,15900,5300,2,1,5,48,9.6,1,4,1,2,1,3,1,1,0,0,0,0,0,0,0,0,0,1,0,0,0,0,0,0,0,0,0,0,0,0,0,0,0,0,0,1,0,0,0,0,0,0,0,0,0,0,0,0,0,0,0,0,0,0,0,0,0,0,0,0,0,0,0,0,0,0,0
260930-0cbe4d63-3d7c-4e2c-a13f-f5a6654987d6,Joyo,75385804,12,1,1,5200,5200,5200,10,10,0,1,0,0,0,0,0,1,3900,3900,0,0,2,12,6,1,2,0,2,0,4,0,1,0,0,0,0,0,0,0,0,0,0,0,0,0,0,1,0,0,0,0,0,0,0,0,0,0,0,0,0,0,0,0,0,0,0,0,0,0,0,0,0,0,0,0,0,0,0,0,0,0,0,0,0,0,0,0,0,0,0,0
260930-0cbe4d63-3d7c-4e2c-a13f-f5a6654987d6,ここここきじゅ,70424557,12,3,4,29900,7475,12000,38,9.5,1,3,0,0,1,2,1,0,0,,0,0,2,15,7.5,2,1,1,6,2,13,1,2,0,0,0,0,0,0,0,2,1,0,0,2,0,0,0,0,0,0,0,0,0,0,0,0,0,0,0,2,0,0,0,0,0,0,0,0,0,0,0,0,0,0,0,0,0,0,0,0,0,0,0,0,0,0,0,0,0,0,0
260930-0cbe4d63-3d7c-4e2c-a13f-f5a6654987d6,まー29,74057136,12,2,0,0,,,0,,0,0,0,0,0,0,0,1,5200,5200,0,0,1,13,13,0,1,0,6,0,8,0,0,0,0,0,0,0,0,0,0,0,0,0,0,0,0,0,0,0,0,0,0,0,0,0,0,0,0,0,0,0,0,0,0,0,0,0,0,0,0,0,0,0,0,0,0,0,0,0,0,0,0,0,0,0,0,0,0,0,0,0
260930-0cbe4d63-3d7c-4e2c-a13f-f5a6654987d6,ひつじ04,69255735,12,2,4,35700,8925,16000,57,14.3,3,1,0,0,6,0,2,3,17900,5967,0,0,3,26,8.7,2,3,0,6,2,8,2,2,0,0,0,0,0,0,0,0,1,1,0,1,0,0,0,0,0,0,1,1,0,0,0,0,0,0,0,0,0,0,0,0,0,0,0,0,0,0,0,0,0,0,0,0,0,0,0,0,0,0,0,0,0,0,0,0,0,0,0
260930-153e15b6-d630-4951-8327-e5a820f11cfe,suzuken3,74756413,13,2,1,1500,1500,1500,10,10,0,1,0,0,0,0,0,3,14300,4767,0,0,1,12,12,0,1,0,3,1,3,0,0,0,0,0,0,0,0,0,1,0,0,0,0,0,0,0,0,0,0,0,0,0,0,0,0,0,0,0,0,0,0,0,0,0,0,0,0,0,0,0,0,0,0,0,0,0,0,0,0,0,0,0,0,0,0,0,0,0,0,0
260930-153e15b6-d630-4951-8327-e5a820f11cfe,けーびぃー,71230039,13,2,0,0,,,0,,0,0,0,0,0,0,0,4,9000,2250,0,0,1,5,5,0,1,0,3,0,5,0,0,0,0,0,0,0,0,0,0,0,0,0,0,0,0,0,0,0,0,0,0,0,0,0,0,0,0,0,0,0,0,0,0,0,0,0,0,0,0,0,0,0,0,0,0,0,0,0,0,0,0,0,0,0,0,0,0,0,0,0
260930-153e15b6-d630-4951-8327-e5a820f11cfe,やまどりぃ,70165094,13,2,3,18500,6167,12000,45,15,1,2,1,0,0,1,0,1,1300,1300,0,1,2,21,10.5,1,2,0,6,1,10,1,1,0,0,1,0,0,1,0,0,1,0,0,0,0,1,0,0,0,0,1,0,0,0,0,0,0,0,0,0,0,0,0,0,0,0,0,0,0,0,0,0,0,0,0,0,0,0,0,0,0,0,0,0,0,0,0,0,0,0,0
260930-153e15b6-d630-4951-8327-e5a820f11cfe,佐鳥乃愛,69081183,13,3,6,24400,4067,12000,76,12.7,1,5,1,0,4,0,0,0,0,,0,0,3,23,7.7,2,3,0,5,3,7,1,2,0,0,0,0,0,3,0,0,0,0,0,1,0,0,0,0,0,0,0,0,0,0,0,0,0,0,0,0,0,0,0,0,0,0,0,0,0,0,0,0,0,0,0,0,0,0,0,0,0,0,0,0,0,0,0,0,0,0,0
260916-83a725ec-6556-41f6-9c9c-1d2b77137808,アヤコぽん,67125080,9,2,1,6400,6400,6400,8,8,0,1,1,0,0,1,0,1,8000,8000,0,0,0,0,,0,0,0,2,0,6,0,0,0,0,0,0,0,0,0,0,0,1,0,0,0,0,0,0,0,0,0,0,0,0,1,0,0,0,0,0,0,0,0,0,0,0,0,0,0,0,0,0,0,0,0,0,0,0,0,0,0,0,0,0,0,0,0,0,0,0,0
260916-83a725ec-6556-41f6-9c9c-1d2b77137808,crac,72766841,9,1,0,0,,,0,,0,0,0,0,0,0,0,2,9000,4500,0,2,0,0,,0,0,0,2,0,2,0,0,0,0,0,0,0,0,0,0,0,0,0,0,0,0,0,0,0,0,0,0,0,0,0,0,0,0,0,0,0,0,0,0,0,0,0,0,0,0,0,0,0,0,0,0,0,0,0,0,0,0,0,0,0,0,0,0,0,0,0
260916-83a725ec-6556-41f6-9c9c-1d2b77137808,十勝寅,107259820,9,1,4,13600,3400,8000,31,7.8,1,3,0,0,5,1,0,0,0,,0,0,1,6,6,1,1,0,5,3,8,0,1,0,0,0,0,0,0,1,0,1,1,0,0,0,0,0,0,0,0,0,0,0,0,0,0,0,0,0,0,0,0,0,0,0,0,0,0,0,0,0,0,0,0,0,0,0,0,0,0,0,0,0,0,0,0,0,0,0,0,0
260916-83a725ec-6556-41f6-9c9c-1d2b77137808,ぞじまーじゃん,105455563,9,1,2,10000,5000,8000,26,13,2,0,0,0,4,0,0,1,1000,1000,0,0,1,3,3,1,1,0,5,1,7,1,1,0,0,0,0,0,1,0,0,0,0,0,0,0,0,0,0,0,0,0,0,0,0,0,0,0,0,0,0,0,0,0,0,0,0,0,0,0,0,0,0,0,0,0,0,0,0,0,0,0,0,0,0,0,0,0,0,0,0,0
260916-bc38c6cb-4c45-42fa-a5b9-2d79fcc21284,むしちゃんです,70030451,15,1,3,16700,5567,12000,40,13.3,2,1,0,0,1,0,2,6,36100,6017,0,0,2,19,9.5,2,2,0,10,1,19,2,2,0,0,0,0,0,1,0,0,0,0,0,2,0,0,0,0,0,0,0,0,0,0,0,0,0,0,0,1,0,0,0,0,0,0,0,0,0,0,0,0,0,0,0,0,0,0,0,0,0,0,0,0,0,0,0,0,0,0,0
260916-bc38c6cb-4c45-42fa-a5b9-2d79fcc21284,のあだよ〜ん,105124802,15,4,4,15500,3875,5800,42,10.5,0,4,0,0,1,1,0,1,5200,5200,0,0,5,48,9.6,3,3,2,5,1,6,0,3,0,0,0,0,0,1,0,0,1,0,0,1,0,0,0,0,0,0,0,0,0,0,0,0,0,0,0,0,0,0,0,0,0,0,0,0,0,0,0,0,0,0,0,0,0,0,0,0,0,0,0,0,0,0,0,0,0,0,0
260916-bc38c6cb-4c45-42fa-a5b9-2d79fcc21284,龍華。。,100912361,15,2,3,28600,9533,18000,42,14,1,2,0,0,5,0,4,2,5900,2950,0,0,4,32,8,3,3,1,2,0,3,1,3,0,0,0,0,0,0,0,0,0,0,0,1,0,0,0,0,0,0,0,0,0,0,0,0,0,0,0,0,0,0,0,0,0,0,0,0,0,0,0,0,0,0,0,0,0,0,0,0,0,0,0,0,0,0,0,0,0,0,0
260916-bc38c6cb-4c45-42fa-a5b9-2d79fcc21284,きょーか8,69157106,15,3,3,21100,7033,12000,32,10.7,1,2,0,0,1,2,1,0,0,,0,0,3,23,7.7,2,3,0,1,1,1,1,2,0,0,0,0,1,1,0,0,0,0,0,0,0,0,0,0,0,0,0,0,0,0,0,0,0,0,0,0,0,0,0,0,0,0,0,0,0,0,0,0,0,0,0,0,0,0,0,0,0,0,0,0,0,0,0,0,0,0,0
260916-58c99f7d-b011-443c-835a-24172ae30888,ミラージュ梅,108670986,15,2,2,20000,10000,12000,26,13,1,1,1,0,2,3,0,4,35900,8975,1,1,2,23,11.5,0,1,1,1,1,1,0,0,0,0,0,0,0,0,0,1,1,0,0,0,0,0,0,0,0,0,0,0,0,0,1,0,0,0,0,0,0,0,0,0,0,0,0,0,0,0,0,0,0,0,0,0,0,0,0,0,0,0,0,0,0,0,0,0,0,0,0
260916-58c99f7d-b011-443c-835a-24172ae30888,めいぴょい,67873976,15,2,3,18000,6000,8000,29,9.7,1,2,0,0,4,1,1,0,0,,0,0,2,9,4.5,1,2,0,8,2,12,1,1,0,0,0,0,0,0,1,0,1,0,0,0,0,0,0,0,0,0,0,0,0,0,0,0,0,0,0,0,0,0,0,0,0,0,0,0,0,0,0,0,0,0,0,0,0,0,0,0,0,0,0,0,0,0,0,0,0,0,0
260916-58c99f7d-b011-443c-835a-24172ae30888,かんんちゃ,104219450,15,2,1,6000,6000,6000,16,16,1,0,0,0,2,0,0,2,13800,6900,0,0,1,10,10,0,0,1,3,1,6,0,0,0,0,0,0,0,0,0,0,1,0,0,0,0,0,0,0,0,0,0,0,0,0,0,0,0,0,0,0,0,0,0,0,0,0,0,0,0,0,0,0,0,0,0,0,0,0,0,0,0,0,0,0,0,0,0,0,0,0,0
260916-58c99f7d-b011-443c-835a-24172ae30888,やまどりぃ,70165094,15,3,5,37700,7540,12000,62,12.4,1,4,0,0,7,3,0,1,2000,2000,0,0,5,38,7.6,3,5,0,5,2,9,0,3,0,0,0,0,0,0,0,0,1,0,0,2,0,1,1,0,0,0,0,0,0,0,0,0,0,0,0,0,0,0,0,0,0,0,0,0,0,0,0,0,0,0,0,0,0,0,0,0,0,0,0,0,0,0,0,0,0,0,0
260916-dd073abd-c797-42b3-a76a-728efa9daf74,Akise299,101770365,13,1,3,18000,6000,8000,35,11.7,2,1,0,0,2,3,1,4,31400,7850,0,0,1,8,8,1,1,0,6,2,9,1,1,0,0,0,0,1,0,0,0,2,0,0,0,0,0,0,0,0,0,0,0,0,0,0,0,0,0,0,0,0,0,0,0,0,0,0,0,0,0,0,0,0,0,0,0,0,0,0,0,0,0,0,0,0,0,0,0,0,0,0
260916-dd073abd-c797-42b3-a76a-728efa9daf74,yukke_08,105097753,13,1,2,10000,5000,8000,29,14.5,0,2,0,0,1,2,1,2,10900,5450,0,0,3,36,12,1,2,1,4,1,5,0,1,0,0,0,0,0,0,1,0,0,1,0,0,0,0,0,0,0,0,0,0,0,0,0,0,0,0,0,0,0,0,0,0,0,0,0,0,0,0,0,0,0,0,0,0,0,0,0,0,0,0,0,0,0,0,0,0,0,0,0
260916-dd073abd-c797-42b3-a76a-728efa9daf74,まー29,74057136,13,4,5,26900,5380,8000,54,10.8,1,4,0,0,2,1,4,1,2000,2000,0,0,4,39,9.8,3,3,1,5,2,7,0,3,0,0,0,0,1,0,0,0,0,1,0,1,0,0,0,0,0,0,0,0,0,0,0,0,0,0,0,0,0,0,0,0,0,0,0,0,0,0,0,0,0,0,0,0,0,0,0,0,0,0,0,0,0,0,0,0,0,0,0
260916-dd073abd-c797-42b3-a76a-728efa9daf74,CVココア,68095635,13,2,3,18600,6200,8000,33,11,1,2,0,0,2,1,1,2,9700,4850,0,0,2,18,9,2,2,0,3,1,6,1,2,0,0,0,0,0,0,0,0,0,2,0,0,0,0,0,0,0,0,0,0,0,0,0,0,0,0,0,0,0,0,0,0,0,0,0,0,0,0,0,0,0,0,0,0,0,0,0,0,0,0,0,0,0,0,0,0,0,0,0
260916-96c78681-0a4a-45bf-a7bd-a350e7553e90,ハッチz,73365523,11,3,2,16000,8000,12000,30,15,1,1,0,0,1,1,0,1,2600,2600,0,0,4,32,8,1,4,0,2,1,3,0,1,0,0,0,0,0,0,0,1,1,1,0,0,0,0,0,0,0,0,0,0,0,0,0,0,0,0,0,0,0,0,0,0,0,0,0,0,0,0,0,0,0,0,0,0,0,0,0,0,0,0,0,0,0,0,0,0,0,0,0
260916-96c78681-0a4a-45bf-a7bd-a350e7553e90,kotetsu0422,68590027,11,2,2,10600,5300,8000,26,13,1,1,1,0,1,0,2,1,3900,3900,1,0,5,46,9.2,1,4,1,0,0,0,1,1,0,0,0,0,0,0,0,0,0,0,1,0,0,0,0,0,0,0,0,0,0,0,0,0,0,0,0,0,0,0,0,0,0,0,0,0,0,0,0,0,0,0,0,0,0,0,0,0,0,0,0,0,0,0,0,0,0,0,0
260916-96c78681-0a4a-45bf-a7bd-a350e7553e90,suzuken3,74756413,11,1,0,0,,,0,,0,0,0,0,0,0,0,2,14000,7000,0,0,0,0,,0,0,0,2,0,2,0,0,0,0,0,0,0,0,0,0,0,0,0,0,0,0,0,0,0,0,0,0,0,0,0,0,0,0,0,0,0,0,0,0,0,0,0,0,0,0,0,0,0,0,0,0,0,0,0,0,0,0,0,0,0,0,0,0,0,0,0
260916-96c78681-0a4a-45bf-a7bd-a350e7553e90,やまどりぃ,70165094,11,1,3,17900,5967,12000,37,12.3,1,2,0,0,0,2,0,0,0,,0,0,1,6,6,1,1,0,5,2,7,1,1,0,0,0,0,0,0,0,0,0,2,0,1,0,0,1,0,0,0,0,0,0,0,0,0,1,0,0,1,0,0,0,0,0,0,0,0,0,0,0,0,0,0,0,0,0,0,0,0,0,0,0,0,0,0,0,0,0,0,0
260916-7f21f410-effe-49fb-872c-b72408e326a6,あるですけど,67226962,15,3,1,1500,1500,1500,13,13,0,1,0,0,0,0,0,3,7400,2467,1,0,2,24,12,0,1,1,9,1,15,0,0,0,0,0,0,0,0,0,0,1,0,0,0,0,0,0,0,0,0,0,0,0,0,0,0,0,0,0,0,0,0,0,0,0,0,0,0,0,0,0,0,0,0,0,0,0,0,0,0,0,0,0,0,0,0,0,0,0,0,0
260916-7f21f410-effe-49fb-872c-b72408e326a6,富士丸ラーメン,68893579,15,3,6,21600,3600,8000,56,9.3,0,6,0,0,4,0,2,2,7300,3650,2,0,5,35,7,2,4,1,5,4,8,0,2,0,0,0,0,1,1,1,0,0,1,0,0,0,0,0,0,0,0,0,0,0,0,0,0,0,0,0,0,0,0,0,0,0,0,0,0,0,0,0,0,0,0,0,0,0,0,0,0,0,0,0,0,0,0,0,0,0,0,0
260916-7f21f410-effe-49fb-872c-b72408e326a6,ここここきじゅ,70424557,15,2,3,31800,10600,18000,39,13,2,1,0,0,2,3,0,1,5200,5200,0,0,4,36,9,2,4,0,2,1,3,1,2,0,1,0,0,0,0,0,0,1,1,0,2,0,0,0,0,0,0,0,0,0,0,0,0,0,0,0,0,0,0,0,0,0,0,0,0,0,0,0,0,0,0,0,0,0,0,0,0,0,0,0,0,0,0,0,0,0,0,0
260916-7f21f410-effe-49fb-872c-b72408e326a6,しゅんんたろう,72710728,15,1,3,25200,8400,12000,23,7.7,3,0,0,0,3,2,1,2,9000,4500,0,1,5,41,8.2,3,2,3,3,0,4,3,3,0,0,0,0,0,0,0,0,0,0,0,2,0,0,0,0,0,0,0,0,0,0,0,0,0,0,0,1,0,0,0,0,0,0,0,0,0,0,0,0,0,0,0,0,0,0,0,0,0,0,0,0,0,0,0,0,0,0,0
260919-6cd29351-5a54-4590-a80d-bf4289a9c1d4,めいぴょい,67873976,13,2,3,15500,5167,7700,32,10.7,1,2,1,0,0,2,1,2,4900,2450,0,0,2,13,6.5,1,2,0,2,1,2,1,1,0,0,0,0,0,1,1,0,0,0,1,1,0,0,0,0,0,0,0,0,0,0,0,0,0,0,0,0,0,0,0,0,0,0,0,0,0,0,0,0,0,0,0,0,0,0,0,0,0,0,0,0,0,0,0,0,0,0,0
260919-6cd29351-5a54-4590-a80d-bf4289a9c1d4,クロミです,105506555,13,3,0,0,,,0,,0,0,0,0,0,0,0,2,10300,5150,0,0,2,22,11,0,1,1,2,0,4,0,0,0,0,0,0,0,0,0,0,0,0,0,0,0,0,0,0,0,0,0,0,0,0,0,0,0,0,0,0,0,0,0,0,0,0,0,0,0,0,0,0,0,0,0,0,0,0,0,0,0,0,0,0,0,0,0,0,0,0,0
260919-6cd29351-5a54-4590-a80d-bf4289a9c1d4,yukke_08,105097753,13,2,5,28900,5780,12000,60,12,3,2,0,0,6,3,0,0,0,,0,0,2,21,10.5,1,1,1,9,4,13,0,1,0,0,0,0,1,0,0,1,1,2,0,1,0,0,0,0,0,0,0,0,0,0,0,0,0,0,0,0,0,0,0,0,0,0,0,0,0,0,0,0,0,0,0,0,0,0,0,0,0,0,0,0,0,0,0,0,0,0,0
260919-6cd29351-5a54-4590-a80d-bf4289a9c1d4,パラセクト。,68814370,13,2,3,21000,7000,12000,45,15,2,1,0,0,0,2,0,1,3900,3900,0,0,2,15,7.5,2,2,0,7,1,9,2,2,0,0,2,0,0,0,1,0,0,0,0,1,0,0,0,0,0,0,0,0,0,0,0,0,0,0,0,0,0,0,0,0,0,0,0,0,0,0,0,0,0,0,0,0,0,0,0,0,0,0,0,0,0,0,0,0,0,0,0
260919-a33a769c-b40a-49e4-a78d-0f0965f66a4a,モモンs,68082950,15,1,2,15900,7950,12000,30,15,0,2,0,0,0,1,2,3,9700,3233,0,0,2,23,11.5,1,2,0,1,1,1,0,1,0,0,0,0,0,0,0,1,0,0,0,1,0,0,0,0,0,0,0,0,0,0,0,0,1,0,0,1,0,0,0,0,0,0,0,0,0,0,0,0,0,0,0,0,0,0,0,0,0,0,0,0,0,0,0,0,0,0,0
260919-a33a769c-b40a-49e4-a78d-0f0965f66a4a,ここここきじゅ,70424557,15,7,9,32100,3567,12000,111,12.3,3,6,0,0,5,2,0,1,12000,12000,0,0,0,0,,0,0,0,10,9,16,0,0,0,0,0,0,1,0,2,1,2,2,0,0,0,0,1,0,0,0,1,0,0,0,0,0,0,0,0,0,0,0,0,0,0,0,0,0,0,0,0,0,0,0,0,0,0,0,0,0,0,0,0,0,0,0,0,0,0,0,0
260919-a33a769c-b40a-49e4-a78d-0f0965f66a4a,富士丸ラーメン,68893579,15,1,3,14300,4767,5200,40,13.3,2,1,0,0,1,3,1,4,9300,2325,2,0,6,59,9.8,1,6,0,4,2,6,1,1,0,0,0,0,1,1,0,0,0,0,0,1,0,0,0,0,0,0,0,0,0,0,0,0,0,0,0,0,0,0,0,0,0,0,0,0,0,0,0,0,0,0,0,0,0,0,0,0,0,0,0,0,0,0,0,0,0,0,0
260919-a33a769c-b40a-49e4-a78d-0f0965f66a4a,【くぅー】,100883086,15,1,0,0,,,0,,0,0,0,0,0,0,0,1,3900,3900,0,0,0,0,,0,0,0,6,0,11,0,0,0,0,0,0,0,0,0,0,0,0,0,0,0,0,0,0,0,0,0,0,0,0,0,0,0,0,0,0,0,0,0,0,0,0,0,0,0,0,0,0,0,0,0,0,0,0,0,0,0,0,0,0,0,0,0,0,0,0,0
260919-4e33c2f4-90fd-4e25-9d51-6a509477d393,suzuken3,74756413,15,2,2,9500,4750,8000,21,10.5,0,2,0,0,1,0,1,2,3400,1700,0,0,2,17,8.5,1,2,0,4,1,5,0,1,0,0,0,0,0,1,0,0,0,0,0,0,0,0,0,0,0,0,0,0,0,0,0,0,0,0,0,1,0,0,0,0,0,0,0,0,0,0,0,0,0,0,0,0,0,0,0,0,0,0,0,0,0,0,0,0,0,0,0
260919-4e33c2f4-90fd-4e25-9d51-6a509477d393,けーびぃー,71230039,15,4,4,32300,8075,18000,55,13.8,1,3,1,0,2,2,3,1,8000,8000,0,1,4,32,8,2,4,0,5,1,6,1,2,0,0,0,0,0,0,0,0,0,0,0,0,0,0,0,0,0,0,1,0,0,0,1,0,0,0,0,0,0,0,0,0,0,0,0,0,0,0,0,0,0,0,0,0,0,0,0,0,0,0,0,0,0,0,0,0,0,0,0
260919-4e33c2f4-90fd-4e25-9d51-6a509477d393,tazmitu,104881189,15,3,4,25000,6250,12000,54,13.5,1,3,0,0,2,2,2,1,8000,8000,0,0,3,35,11.7,2,1,2,5,2,6,1,2,0,0,0,0,0,2,0,0,0,0,0,0,0,0,1,0,0,0,0,0,0,0,0,0,0,0,0,1,0,0,0,0,0,0,0,0,0,0,0,0,0,0,0,0,0,0,0,0,0,0,0,0,0,0,0,0,0,0,0
260919-4e33c2f4-90fd-4e25-9d51-6a509477d393,【ぺた】,105037198,15,1,2,16000,8000,8000,22,11,1,1,0,0,1,2,1,5,33400,6680,2,0,5,48,9.6,2,4,1,3,0,5,1,2,0,0,0,0,0,0,0,0,0,0,0,1,0,0,0,0,0,0,0,0,0,0,0,0,0,0,0,0,0,0,0,0,0,0,0,0,0,0,0,0,0,0,0,0,0,0,0,0,0,0,0,0,0,0,0,0,0,0,0
260919-e793ad76-612b-4cad-b6aa-81493967ba8f,tsuna_san,105687437,14,3,4,14300,3575,6000,40,10,2,2,0,0,0,1,1,0,0,,0,0,5,41,8.2,2,4,1,4,2,4,1,2,0,0,0,0,0,0,0,0,0,2,0,0,0,0,0,0,0,0,0,0,0,0,0,0,0,0,0,1,0,0,0,0,0,0,0,0,0,0,0,0,0,0,0,0,0,0,0,0,0,0,0,0,0,0,0,0,0,0,0
260919-e793ad76-612b-4cad-b6aa-81493967ba8f,ミルモでチー,73285256,14,3,3,17500,5833,8000,45,15,3,0,0,0,2,0,2,2,7200,3600,1,0,6,53,8.8,2,2,4,2,1,3,2,2,0,0,0,0,1,0,0,0,0,0,0,1,0,0,0,0,0,0,0,0,0,0,0,0,0,0,0,0,0,0,0,0,0,0,0,0,0,0,0,0,0,0,0,0,0,0,0,0,0,0,0,0,0,0,0,0,0,0,0
260919-e793ad76-612b-4cad-b6aa-81493967ba8f,富士丸ラーメン,68893579,14,1,3,24000,8000,12000,21,7,3,0,0,0,2,3,1,1,4800,4800,0,0,3,16,5.3,3,3,0,5,0,11,3,3,0,0,0,0,0,0,0,0,0,0,0,0,0,0,0,0,0,0,0,0,0,0,0,0,0,0,0,2,0,0,0,0,0,0,0,0,0,0,0,0,0,0,0,0,0,0,0,0,0,0,0,0,0,0,0,0,0,0,0
260919-e793ad76-612b-4cad-b6aa-81493967ba8f,龍華。。,100912361,14,2,3,13900,4633,6000,32,10.7,2,1,0,0,0,1,2,0,0,,0,0,5,42,8.4,3,4,1,3,0,3,2,3,0,0,0,0,0,0,0,0,0,0,0,0,0,0,0,0,0,0,0,0,0,0,0,0,0,0,0,0,0,0,0,0,0,0,0,0,0,0,0,0,0,0,0,0,0,0,0,0,0,0,0,0,0,0,0,0,0,0,0
260919-b384fd54-d8da-4635-9564-088deb137f8e,ーはまちー,106149892,11,2,2,13200,6600,8000,21,10.5,1,1,1,0,1,2,0,2,17200,8600,1,0,2,9,4.5,1,2,0,1,0,2,1,1,0,0,0,0,0,1,0,0,0,0,0,1,0,0,0,0,0,0,0,0,0,0,0,0,0,0,0,0,0,0,0,0,0,0,0,0,0,0,0,0,0,0,0,0,0,0,0,0,0,0,0,0,0,0,0,0,0,0,0
260919-b384fd54-d8da-4635-9564-088deb137f8e,ルート12345,71218983,11,2,4,30100,7525,12000,40,10,2,2,1,0,5,0,2,0,0,,0,0,4,35,8.8,3,4,0,2,0,3,2,3,0,0,0,0,0,0,0,1,0,1,1,1,0,0,0,0,0,0,0,0,0,0,0,0,0,0,0,1,0,0,0,0,0,0,0,0,0,0,0,0,0,0,0,0,0,0,0,0,0,0,0,0,0,0,0,0,0,0,0
260919-b384fd54-d8da-4635-9564-088deb137f8e,クッション枕,105441586,11,2,3,22000,7333,12000,44,14.7,2,1,1,0,1,3,0,1,8000,8000,0,0,4,56,14,2,3,1,0,0,0,2,2,0,0,0,0,0,0,0,0,0,0,0,1,0,0,0,0,0,0,0,0,0,0,0,0,0,0,0,1,0,0,0,0,0,0,0,0,0,0,0,0,0,0,0,0,0,0,0,0,0,0,0,0,0,0,0,0,0,0,0
260919-b384fd54-d8da-4635-9564-088deb137f8e,佐鳥乃愛,69081183,11,1,0,0,,,0,,0,0,0,0,0,0,0,1,7700,7700,0,0,0,0,,0,0,0,0,0,0,0,0,0,0,0,0,0,0,0,0,0,0,0,0,0,0,0,0,0,0,0,0,0,0,0,0,0,0,0,0,0,0,0,0,0,0,0,0,0,0,0,0,0,0,0,0,0,0,0,0,0,0,0,0,0,0,0,0,0,0,0
260919-81ba15e6-c464-4821-b482-2de7adf5f9c2,閄くん,102172268,15,3,4,34300,8575,12000,49,12.3,1,3,0,0,5,2,3,3,14200,4733,0,0,4,42,10.5,3,4,0,5,1,6,1,3,0,0,0,0,0,0,0,1,1,0,0,0,0,0,0,0,0,0,0,0,0,0,0,0,0,0,0,0,0,0,0,0,0,0,0,0,0,0,0,0,0,0,0,0,0,0,0,0,0,0,0,0,0,0,0,0,0,0,0
260919-81ba15e6-c464-4821-b482-2de7adf5f9c2,wot毒舌妹bot,68739482,15,1,2,14400,7200,8000,19,9.5,0,2,0,0,0,1,0,0,0,,0,0,3,30,10,0,2,1,6,2,11,0,0,0,0,0,0,1,0,0,1,1,0,0,0,0,0,0,0,0,0,1,0,0,0,0,0,1,0,0,0,0,0,0,0,0,0,0,0,0,0,0,0,0,0,0,0,0,0,0,0,0,0,0,0,0,0,0,0,0,0,0
260919-81ba15e6-c464-4821-b482-2de7adf5f9c2,プニ太郎,72075163,15,4,4,42900,10725,18000,45,11.3,2,2,0,0,3,2,3,1,8000,8000,0,0,1,5,5,1,1,0,7,3,10,1,1,0,0,0,0,2,2,0,1,0,0,0,0,0,0,0,0,0,0,1,0,0,0,0,0,0,0,0,0,0,0,0,0,0,0,0,0,0,0,0,0,0,0,0,0,0,0,0,0,0,0,0,0,0,0,0,0,0,0,0
260919-81ba15e6-c464-4821-b482-2de7adf5f9c2,Akise299,101770365,15,2,3,19900,6633,8000,46,15.3,1,2,0,0,4,2,1,5,48300,9660,0,1,3,37,12.3,1,2,1,7,2,13,0,1,0,0,0,0,0,0,0,0,0,2,0,0,0,0,0,0,0,0,0,0,0,0,0,0,0,0,0,0,0,0,0,0,0,0,0,0,0,0,0,0,0,0,0,0,0,0,0,0,0,0,0,0,0,0,0,0,0,0,0
260921-4a6480a5-c07c-4ee4-8ba4-01892233c998,綴美,74124071,9,1,2,18600,9300,16000,27,13.5,1,1,1,0,2,1,2,0,0,,0,0,1,12,12,1,1,0,2,0,2,1,1,0,0,0,0,0,0,0,0,0,0,1,1,0,0,0,0,0,0,0,0,0,0,0,0,0,0,0,1,0,0,0,0,0,0,0,0,0,0,0,0,0,0,0,0,0,0,0,0,0,0,0,0,0,0,0,0,0,0,0
260921-4a6480a5-c07c-4ee4-8ba4-01892233c998,アヤコぽん,67125080,9,1,1,2000,2000,2000,13,13,0,1,0,0,0,0,0,1,2000,2000,0,0,1,8,8,1,1,0,4,0,5,0,1,0,0,0,0,0,0,0,0,0,0,0,1,0,0,0,0,0,0,0,0,0,0,0,0,0,0,0,0,0,0,0,0,0,0,0,0,0,0,0,0,0,0,0,0,0,0,0,0,0,0,0,0,0,0,0,0,0,0,0
260921-4a6480a5-c07c-4ee4-8ba4-01892233c998,ココとコマ,108188428,9,2,3,16000,5333,8000,40,13.3,1,2,0,0,3,0,0,1,2000,2000,0,0,3,23,7.7,2,3,0,3,1,4,1,2,0,0,0,0,0,0,0,0,0,1,0,1,0,0,0,0,0,0,0,0,0,0,0,0,0,0,0,0,0,0,0,0,0,0,0,0,0,0,0,0,0,0,0,0,0,0,0,0,0,0,0,0,0,0,0,0,0,0,0
260921-4a6480a5-c07c-4ee4-8ba4-01892233c998,アラキ,72059918,9,1,2,20000,10000,12000,23,11.5,2,0,0,0,0,1,1,2,10600,5300,1,0,4,38,9.5,2,2,2,1,0,1,2,2,0,0,0,0,0,1,0,0,0,1,0,0,0,0,0,0,0,0,0,1,0,0,0,0,0,0,0,1,0,0,0,0,0,0,0,0,0,0,0,0,0,0,0,0,0,0,0,0,0,0,0,0,0,0,0,0,0,0,0
260921-b39a72ea-5492-4ab1-9cf3-53a427559fe7,クロミです,105506555,10,1,3,7200,2400,3900,28,9.3,0,3,0,0,1,1,0,0,0,,0,0,2,15,7.5,1,2,0,2,2,2,0,1,0,0,0,0,0,0,1,0,0,1,0,0,0,0,1,0,0,0,0,0,0,0,0,0,0,0,0,0,0,0,0,0,0,0,0,0,0,0,0,0,0,0,0,0,0,0,0,0,0,0,0,0,0,0,0,0,0,0,0
260921-b39a72ea-5492-4ab1-9cf3-53a427559fe7,ぞじまーじゃん,105455563,10,2,2,11900,5950,8000,30,15,2,0,1,0,0,2,0,0,0,,0,0,0,0,,0,0,0,3,1,4,1,0,0,0,0,0,0,0,0,0,0,1,1,0,0,0,0,0,0,0,0,0,0,0,0,0,1,0,0,0,0,0,0,0,0,0,0,0,0,0,0,0,0,0,0,0,0,0,0,0,0,0,0,0,0,0,0,0,0,0,0
260921-b39a72ea-5492-4ab1-9cf3-53a427559fe7,けーびぃー,71230039,10,1,2,4000,2000,2000,23,11.5,1,1,0,0,1,0,0,1,2000,2000,0,0,1,7,7,0,1,0,5,2,6,0,0,0,0,0,0,1,0,1,0,0,0,0,0,0,1,0,0,0,0,0,0,0,0,0,0,0,0,0,0,0,0,0,0,0,0,0,0,0,0,0,0,0,0,0,0,0,0,0,0,0,0,0,0,0,0,0,0,0,0,0
260921-b39a72ea-5492-4ab1-9cf3-53a427559fe7,いぐすけ,71312891,10,2,1,7800,7800,7800,12,12,1,0,0,0,0,1,0,3,7200,2400,0,1,2,18,9,1,2,0,1,0,1,1,1,0,0,0,0,0,0,0,0,0,0,0,1,0,0,0,0,0,0,0,0,0,0,0,0,0,0,0,0,0,0,0,0,0,0,0,0,0,0,0,0,0,0,0,0,0,0,0,0,0,0,0,0,0,0,0,0,0,0,0
260921-09894067-03d3-47db-adda-2128da66994c,まー29,74057136,14,1,4,19600,4900,8000,37,9.3,1,3,2,0,4,2,0,0,0,,0,0,2,19,9.5,1,2,0,6,1,6,1,1,0,0,0,0,1,0,0,0,0,2,1,0,0,0,0,0,0,0,0,0,0,0,0,0,0,0,0,0,0,0,0,0,0,0,0,0,0,0,0,0,0,0,0,0,0,0,0,0,0,0,0,0,0,0,0,0,0,0,0
260921-09894067-03d3-47db-adda-2128da66994c,かんんちゃ,104219450,14,4,3,21500,7167,12000,32,10.7,1,2,0,0,3,0,0,1,5200,5200,0,0,3,27,9,0,3,0,5,3,6,0,0,0,0,0,0,0,1,1,1,1,0,0,0,0,0,0,0,0,0,0,0,0,0,0,0,1,0,0,0,0,0,0,0,0,0,0,0,0,0,0,0,0,0,0,0,0,0,0,0,0,0,0,0,0,0,0,0,0,0,0
260921-09894067-03d3-47db-adda-2128da66994c,うに嫌い。,71559773,14,2,2,10400,5200,5200,27,13.5,1,1,1,0,2,0,0,3,10500,3500,1,0,4,37,9.3,1,3,1,2,0,4,1,1,0,0,0,0,0,0,0,1,0,1,0,1,0,0,0,0,0,0,0,0,0,0,0,0,0,0,0,0,0,0,0,0,0,0,0,0,0,0,0,0,0,0,0,0,0,0,0,0,0,0,0,0,0,0,0,0,0,0,0
260921-09894067-03d3-47db-adda-2128da66994c,のあだよ〜ん,105124802,14,1,1,2700,2700,2700,14,14,1,0,1,0,1,0,0,2,10600,5300,0,1,2,28,14,0,0,2,1,0,1,1,0,0,0,0,0,0,0,0,0,0,0,0,1,0,0,0,0,0,0,0,0,0,0,0,0,0,0,0,0,0,0,0,0,0,0,0,0,0,0,0,0,0,0,0,0,0,0,0,0,0,0,0,0,0,0,0,0,0,0,0
260921-96645127-fbd4-4231-a4a7-65695ceee21a,【くぅー】,100883086,11,2,5,26100,5220,8000,61,12.2,2,3,2,0,5,5,0,0,0,,0,0,1,11,11,0,0,1,4,3,6,0,0,0,0,0,0,0,2,1,0,0,1,1,0,0,0,0,0,0,0,0,0,0,0,0,0,0,0,0,0,0,0,0,0,0,0,0,0,0,0,0,0,0,0,0,0,0,0,0,0,0,0,0,0,0,0,0,0,0,0,0
260921-96645127-fbd4-4231-a4a7-65695ceee21a,suzuken3,74756413,11,1,1,4000,4000,4000,9,9,1,0,0,0,0,0,0,2,13200,6600,0,0,3,33,11,1,2,1,3,0,3,1,1,0,0,0,0,0,0,0,0,0,0,0,0,0,0,0,0,0,0,0,0,0,0,0,0,0,0,0,1,0,0,0,0,0,0,0,0,0,0,0,0,0,0,0,0,0,0,0,0,0,0,0,0,0,0,0,0,0,0,0
260921-96645127-fbd4-4231-a4a7-65695ceee21a,kotetsu0422,68590027,11,2,1,7800,7800,7800,11,11,1,0,0,0,0,1,0,2,16000,8000,0,0,3,20,6.7,1,3,0,1,0,1,1,1,0,0,0,0,0,0,0,0,0,0,0,1,0,0,0,0,0,0,0,0,0,0,0,0,0,0,0,0,0,0,0,0,0,0,0,0,0,0,0,0,0,0,0,0,0,0,0,0,0,0,0,0,0,0,0,0,0,0,0
260921-96645127-fbd4-4231-a4a7-65695ceee21a,のあだよ〜ん,105124802,11,2,2,16000,8000,8000,21,10.5,0,2,0,0,3,1,0,1,2900,2900,0,0,2,18,9,2,2,0,3,0,4,0,2,0,0,0,0,0,0,0,0,0,0,0,1,0,0,0,0,0,0,0,0,0,0,1,0,0,0,0,1,0,0,0,0,0,0,0,0,0,0,0,0,0,0,0,0,0,0,0,0,0,0,0,0,0,0,0,0,0,0,0
260921-b768787b-476a-4c66-8bbf-2dc62b179a60,綴美,74124071,12,2,4,23600,5900,9600,42,10.5,3,1,0,0,3,3,1,1,2000,2000,0,0,2,19,9.5,1,2,0,5,3,8,1,1,0,0,0,0,0,2,1,0,0,0,0,0,0,0,0,0,0,0,0,0,0,0,0,0,0,0,0,0,0,0,0,0,0,0,0,0,0,0,0,0,0,0,0,0,0,0,0,0,0,0,0,0,0,0,0,0,0,0,0
260921-b768787b-476a-4c66-8bbf-2dc62b179a60,パラセクト。,68814370,12,1,1,8000,8000,8000,7,7,1,0,0,0,1,0,0,2,6700,3350,1,0,4,27,6.8,0,3,1,4,1,5,0,0,0,0,0,0,0,0,1,0,0,0,0,0,0,0,0,0,0,0,0,0,0,0,0,0,1,0,0,0,0,0,0,0,0,0,0,0,0,0,0,0,0,0,0,0,0,0,0,0,0,0,0,0,0,0,0,0,0,0,0
260921-b768787b-476a-4c66-8bbf-2dc62b179a60,tsuna_san,105687437,12,3,6,26700,4450,8000,69,11.5,1,5,2,0,4,2,1,1,2000,2000,0,0,4,33,8.3,3,3,1,1,1,2,1,3,0,0,0,0,1,0,0,0,0,2,0,1,0,0,0,0,0,0,0,0,0,0,1,0,0,0,0,0,0,0,0,0,0,0,0,0,0,0,0,0,0,0,0,0,0,0,0,0,0,0,0,0,0,0,0,0,0,0,0
260921-b768787b-476a-4c66-8bbf-2dc62b179a60,アラキ,72059918,12,2,1,7800,7800,7800,17,17,1,0,0,0,0,0,1,2,12800,6400,0,0,1,5,5,1,1,0,3,0,5,1,1,0,0,0,0,0,0,0,0,0,0,0,1,0,0,0,0,0,0,0,0,0,0,0,0,0,0,0,0,0,0,0,0,0,0,0,0,0,0,0,0,0,0,0,0,0,0,0,0,0,0,0,0,0,0,0,0,0,0,0
260921-6dc08154-27d8-4aa8-a07d-c045252ddfdb,きょーか8,69157106,14,1,0,0,,,0,,0,0,0,0,0,0,0,1,1500,1500,0,0,1,10,10,0,1,0,2,0,3,0,0,0,0,0,0,0,0,0,0,0,0,0,0,0,0,0,0,0,0,0,0,0,0,0,0,0,0,0,0,0,0,0,0,0,0,0,0,0,0,0,0,0,0,0,0,0,0,0,0,0,0,0,0,0,0,0,0,0,0,0
260921-6dc08154-27d8-4aa8-a07d-c045252ddfdb,プニ太郎,72075163,14,2,6,30200,5033,12000,77,12.8,5,1,0,0,5,1,0,0,0,,0,0,3,28,9.3,2,3,0,5,4,8,2,2,0,0,0,0,1,0,0,1,1,1,0,0,0,0,0,0,0,0,0,1,0,0,0,0,0,0,0,1,0,0,0,0,0,0,0,0,0,0,0,0,0,0,0,0,0,0,0,0,0,0,0,0,0,0,0,0,0,0,0
260921-6dc08154-27d8-4aa8-a07d-c045252ddfdb,wot毒舌妹bot,68739482,14,5,3,27000,9000,24000,31,10.3,0,3,0,0,0,0,1,2,2300,1150,0,0,5,43,8.6,1,4,1,6,2,9,0,1,0,0,0,0,1,0,0,0,0,1,0,1,0,0,1,0,0,0,0,0,0,0,0,1,0,0,0,0,0,0,0,0,0,0,0,0,0,0,0,0,0,0,0,0,0,0,0,0,0,0,0,0,0,0,0,0,0,0,0
260921-6dc08154-27d8-4aa8-a07d-c045252ddfdb,いぐすけ,71312891,14,1,1,1300,1300,1300,8,8,0,1,0,0,0,0,0,2,25500,12750,1,0,2,29,14.5,0,0,2,4,1,5,0,0,0,0,0,0,0,0,0,1,0,0,0,0,0,0,0,0,0,0,0,0,0,0,0,0,0,0,0,0,0,0,0,0,0,0,0,0,0,0,0,0,0,0,0,0,0,0,0,0,0,0,0,0,0,0,0,0,0,0,0
260923-2a770327-777a-4d6e-ab4c-e7f90863942a,モモンs,68082950,9,1,0,0,,,0,,0,0,0,0,0,0,0,0,0,,0,0,0,0,,0,0,0,5,0,5,0,0,0,0,0,0,0,0,0,0,0,0,0,0,0,0,0,0,0,0,0,0,0,0,0,0,0,0,0,0,0,0,0,0,0,0,0,0,0,0,0,0,0,0,0,0,0,0,0,0,0,0,0,0,0,0,0,0,0,0,0
260923-2a770327-777a-4d6e-ab4c-e7f90863942a,クッション枕,105441586,9,1,3,12900,4300,6400,38,12.7,0,3,0,0,0,1,0,2,7200,3600,1,0,5,35,7,3,4,1,0,0,0,0,3,0,0,0,0,0,0,0,0,0,0,0,0,0,0,1,0,0,0,0,0,0,0,1,0,0,0,0,0,0,0,0,0,0,0,0,0,0,0,0,0,0,0,0,0,0,0,0,0,0,0,0,0,0,0,0,0,0,0,0
260923-2a770327-777a-4d6e-ab4c-e7f90863942a,crac,72766841,9,2,1,3000,3000,3000,11,11,1,0,0,0,0,1,0,3,11600,3867,1,1,2,14,7,0,0,2,4,1,5,0,0,0,0,0,0,0,0,0,0,0,1,0,0,0,0,0,0,0,0,0,0,0,0,0,0,0,0,0,0,0,0,0,0,0,0,0,0,0,0,0,0,0,0,0,0,0,0,0,0,0,0,0,0,0,0,0,0,0,0,0
260923-2a770327-777a-4d6e-ab4c-e7f90863942a,けーびぃー,71230039,9,1,4,19100,4775,8000,36,9,1,3,0,0,2,1,1,1,5200,5200,0,0,4,27,6.8,3,3,1,2,1,2,1,3,0,0,0,0,0,0,0,0,0,1,0,2,0,0,1,0,0,0,0,0,0,0,0,0,0,0,0,0,0,0,0,0,0,0,0,0,0,0,0,0,0,0,0,0,0,0,0,0,0,0,0,0,0,0,0,0,0,0,0
260905-e5a39275-9fa6-4cfd-bd15-9c26fea7054f,パラセクト。,68814370,9,1,2,9100,4550,8000,25,12.5,1,1,0,0,1,3,0,3,14500,4833,1,0,2,31,15.5,1,1,1,3,1,7,0,1,0,0,0,0,1,0,0,0,0,0,0,0,0,0,0,0,0,0,0,0,0,0,0,0,0,0,0,0,0,0,0,0,0,0,0,0,0,0,0,0,0,0,0,0,0,0,0,0,0,0,0,0,0,0,0,0,0,0,0
260905-e5a39275-9fa6-4cfd-bd15-9c26fea7054f,富士丸ラーメン,68893579,9,2,2,9500,4750,8000,28,14,1,1,0,0,0,0,0,1,1000,1000,0,0,1,12,12,1,1,0,4,1,7,0,1,0,0,0,1,0,0,1,0,0,1,0,0,0,0,0,0,0,0,0,0,0,0,1,0,0,0,0,0,0,0,0,0,0,0,0,0,0,0,0,0,0,0,0,0,0,0,0,0,0,0,0,0,0,0,0,0,0,0,0
260905-e5a39275-9fa6-4cfd-bd15-9c26fea7054f,アラキ,72059918,9,1,2,10400,5200,5200,26,13,1,1,0,0,2,1,0,1,8000,8000,0,0,1,9,9,1,1,0,5,1,8,1,1,0,0,0,0,0,0,0,1,0,0,0,1,0,0,0,0,0,0,0,0,0,0,0,0,0,0,0,0,0,0,0,0,0,0,0,0,0,0,0,0,0,0,0,0,0,0,0,0,0,0,0,0,0,0,0,0,0,0,0
260905-e5a39275-9fa6-4cfd-bd15-9c26fea7054f,kotetsu0422,68590027,9,1,2,2300,1150,1300,21,10.5,0,2,0,0,0,0,0,0,0,,0,0,2,19,9.5,1,2,0,2,1,4,0,1,0,0,0,0,0,1,0,0,0,0,0,0,0,0,0,0,0,0,0,0,0,0,0,0,0,0,0,0,0,0,0,0,0,0,0,0,0,0,0,0,0,0,0,0,0,0,0,0,0,0,0,0,0,0,0,0,0,0,0
260905-f5d7a1fd-774f-42f0-88c7-5c0627b0b142,ひつじ04,69255735,9,1,1,3200,3200,3200,13,13,0,1,0,0,0,0,0,2,7200,3600,0,0,2,17,8.5,1,1,1,3,0,3,0,1,0,0,0,0,0,0,0,0,0,0,0,0,0,0,0,0,0,0,0,0,0,0,1,0,0,0,0,0,0,0,0,0,0,0,0,0,0,0,0,0,0,0,0,0,0,0,0,0,0,0,0,0,0,0,0,0,0,0,0
260905-f5d7a1fd-774f-42f0-88c7-5c0627b0b142,十勝寅,107259820,9,1,2,13200,6600,8000,27,13.5,1,1,0,0,2,1,0,2,7200,3600,0,0,2,14,7,1,2,0,2,1,3,0,1,0,0,0,0,1,0,0,0,0,0,0,0,0,1,0,0,0,0,0,0,0,0,0,0,0,0,0,0,0,0,0,0,0,0,0,0,0,0,0,0,0,0,0,0,0,0,0,0,0,0,0,0,0,0,0,0,0,0,0
260905-f5d7a1fd-774f-42f0-88c7-5c0627b0b142,クロミです,105506555,9,2,2,13000,6500,12000,30,15,1,1,0,0,1,1,0,0,0,,0,0,2,17,8.5,1,1,1,1,1,3,1,1,0,0,0,0,1,0,0,0,0,0,0,1,0,0,0,0,0,0,0,0,0,0,0,0,0,0,0,0,0,0,0,0,0,0,0,0,0,0,0,0,0,0,0,0,0,0,0,0,0,0,0,0,0,0,0,0,0,0,0
260905-f5d7a1fd-774f-42f0-88c7-5c0627b0b142,かんんちゃ,104219450,9,1,4,13200,3300,5200,47,11.8,1,3,0,0,0,2,0,2,4200,2100,0,0,2,18,9,2,1,1,2,2,2,1,2,0,0,0,0,0,0,0,1,0,1,0,0,0,0,0,0,0,0,0,0,0,0,0,0,1,0,0,1,0,0,0,0,0,0,0,0,0,0,0,0,0,0,0,0,0,0,0,0,0,0,0,0,0,0,0,0,0,0,0
260905-e55c0e66-4317-41d3-b230-03dc22c80d65,【くぅー】,100883086,10,1,2,14000,7000,12000,21,10.5,1,1,0,0,0,2,1,1,5200,5200,0,0,4,50,12.5,2,4,0,1,0,1,1,2,0,0,0,0,0,0,0,1,1,0,0,1,0,0,0,0,0,0,0,0,0,0,0,0,0,0,0,0,0,0,0,0,0,0,0,0,0,0,0,0,0,0,0,0,0,0,0,0,0,0,0,0,0,0,0,0,0,0,0
260905-e55c0e66-4317-41d3-b230-03dc22c80d65,tazmitu,104881189,10,1,1,5200,5200,5200,11,11,0,1,1,0,1,0,0,1,12000,12000,0,0,0,0,,0,0,0,3,0,3,0,0,0,0,0,0,0,0,0,0,0,1,1,0,0,0,0,0,0,0,0,0,0,0,0,0,0,0,0,0,0,0,0,0,0,0,0,0,0,0,0,0,0,0,0,0,0,0,0,0,0,0,0,0,0,0,0,0,0,0,0
260905-e55c0e66-4317-41d3-b230-03dc22c80d65,モモンs,68082950,10,1,1,12000,12000,12000,8,8,0,1,0,0,2,0,0,1,8000,8000,0,0,2,23,11.5,1,2,0,3,0,5,0,1,0,0,0,0,0,0,0,0,0,0,0,0,0,0,0,0,0,0,0,0,0,0,1,0,0,0,0,1,0,0,0,0,0,0,0,0,0,0,0,0,0,0,0,0,0,0,0,0,0,0,0,0,0,0,0,0,0,0,0
260905-e55c0e66-4317-41d3-b230-03dc22c80d65,けーびぃー,71230039,10,2,3,17900,5967,8000,46,15.3,2,1,0,0,3,3,0,1,2000,2000,0,0,1,4,4,1,1,0,5,2,9,0,1,0,0,0,0,0,1,1,0,0,0,0,0,0,0,0,0,0,0,0,0,0,0,0,0,0,0,0,0,0,0,0,0,0,0,0,0,0,0,0,0,0,0,0,0,0,0,0,0,0,0,0,0,0,0,0,0,0,0,0
260905-67944b49-a0cf-44bf-b6ff-ad7298161bde,アヤコぽん,67125080,9,2,3,7900,2633,3900,31,10.3,1,2,0,0,0,1,0,2,6500,3250,0,0,2,15,7.5,1,1,1,4,2,6,0,1,0,0,0,0,0,0,1,0,0,2,0,1,0,0,0,0,0,0,0,0,0,0,0,0,0,0,0,0,0,0,0,0,0,0,0,0,0,0,0,0,0,0,0,0,0,0,0,0,0,0,0,0,0,0,0,0,0,0,0
260905-67944b49-a0cf-44bf-b6ff-ad7298161bde,crac,72766841,9,1,0,0,,,0,,0,0,0,0,0,0,0,2,3900,1950,0,1,1,7,7,0,1,0,1,0,1,0,0,0,0,0,0,0,0,0,0,0,0,0,0,0,0,0,0,0,0,0,0,0,0,0,0,0,0,0,0,0,0,0,0,0,0,0,0,0,0,0,0,0,0,0,0,0,0,0,0,0,0,0,0,0,0,0,0,0,0,0
260905-67944b49-a0cf-44bf-b6ff-ad7298161bde,【ぺた】,105037198,9,1,4,13700,3425,5200,52,13,2,2,1,0,1,1,1,2,9100,4550,0,0,2,14,7,2,2,0,3,1,4,1,2,0,0,1,0,0,0,0,1,0,1,0,2,0,0,0,0,0,0,0,0,0,0,0,0,0,0,0,0,0,0,0,0,0,0,0,0,0,0,0,0,0,0,0,0,0,0,0,0,0,0,0,0,0,0,0,0,0,0,0
260905-67944b49-a0cf-44bf-b6ff-ad7298161bde,めいぴょい,67873976,9,1,2,6200,3100,5200,24,12,0,2,0,0,2,0,0,0,0,,0,0,1,9,9,1,1,0,2,1,3,0,1,0,0,0,0,1,0,0,0,0,0,0,0,0,0,0,0,0,0,0,0,0,0,0,0,0,0,0,0,0,0,0,0,0,0,0,0,0,0,0,0,0,0,0,0,0,0,0,0,0,0,0,0,0,0,0,0,0,0,0
260905-4fe937a4-18d7-4223-8546-df9e4021fadd,龍華。。,100912361,10,1,1,8000,8000,8000,8,8,0,1,0,0,0,1,1,2,5900,2950,0,0,1,5,5,1,1,0,2,0,3,0,1,0,0,0,0,0,0,0,0,0,0,0,1,0,0,0,0,0,0,0,0,0,0,0,0,0,0,0,0,0,0,0,0,0,0,0,0,0,0,0,0,0,0,0,0,0,0,0,0,0,0,0,0,0,0,0,0,0,0,0
260905-4fe937a4-18d7-4223-8546-df9e4021fadd,しゅんんたろう,72710728,10,1,2,5400,2700,3900,22,11,1,1,1,0,1,0,0,3,14800,4933,0,1,0,0,,0,0,0,3,1,4,1,0,0,0,0,0,0,0,0,0,1,0,0,1,0,0,1,0,0,0,0,0,0,0,0,0,0,0,0,0,0,0,0,0,0,0,0,0,0,0,0,0,0,0,0,0,0,0,0,0,0,0,0,0,0,0,0,0,0,0,0
260905-4fe937a4-18d7-4223-8546-df9e4021fadd,ココとコマ,108188428,10,1,4,14900,3725,6400,37,9.3,0,4,2,0,3,2,0,0,0,,0,0,1,7,7,1,1,0,3,1,3,0,1,0,0,0,0,1,1,0,0,1,0,0,0,0,0,0,0,0,0,0,0,0,0,0,0,0,0,0,0,0,0,0,0,0,0,0,0,0,0,0,0,0,0,0,0,0,0,0,0,0,0,0,0,0,0,0,0,0,0,0
260905-4fe937a4-18d7-4223-8546-df9e4021fadd,ハッチz,73365523,10,3,3,14400,4800,6000,43,14.3,1,2,1,0,1,1,0,3,14500,4833,0,0,1,9,9,1,1,0,2,1,2,0,1,0,0,1,0,0,0,0,0,0,3,0,1,0,0,0,0,0,0,0,0,0,0,0,0,0,0,0,0,0,0,0,0,0,0,0,0,0,0,0,0,0,0,0,0,0,0,0,0,0,0,0,0,0,0,0,0,0,0,0
260905-45e2b13a-d6a6-4707-bc2d-51033b9885f3,yukke_08,105097753,14,4,4,28000,7000,12000,43,10.8,1,3,1,0,3,1,1,2,9100,4550,0,0,2,21,10.5,2,1,1,4,1,5,0,2,0,0,0,0,0,0,0,0,1,2,0,2,0,0,0,0,0,0,0,0,0,0,0,0,0,0,0,1,0,0,0,0,0,0,0,0,0,0,0,0,0,0,0,0,0,0,0,0,0,0,0,0,0,0,0,0,0,0,0
260905-45e2b13a-d6a6-4707-bc2d-51033b9885f3,綴美,74124071,14,1,4,45200,11300,16000,60,15,2,2,0,0,4,4,3,4,45000,11250,2,1,5,47,9.4,3,5,0,3,1,6,1,3,0,0,1,0,1,1,0,0,0,1,0,1,0,0,1,0,0,0,0,0,0,0,0,0,1,0,0,1,0,0,0,0,0,0,0,0,0,0,0,0,0,0,0,0,0,0,0,0,0,0,0,0,0,0,0,0,0,0,0
260905-45e2b13a-d6a6-4707-bc2d-51033b9885f3,ルート12345,71218983,14,2,3,14800,4933,8000,36,12,1,2,0,0,2,2,1,0,0,,0,0,2,20,10,1,2,0,6,2,7,1,1,0,0,0,0,0,0,1,1,0,0,0,0,0,0,0,0,0,0,0,0,0,0,0,0,0,0,0,0,0,0,0,0,0,0,0,0,0,0,0,0,0,0,0,0,0,0,0,0,0,0,0,0,0,0,0,0,0,0,0
260905-45e2b13a-d6a6-4707-bc2d-51033b9885f3,閄くん,102172268,14,2,2,32000,16000,24000,27,13.5,0,2,0,0,6,2,0,3,30900,10300,0,0,2,13,6.5,1,2,0,3,1,5,0,1,0,0,0,1,0,0,0,2,1,0,0,0,0,0,0,0,0,0,0,0,0,0,0,0,0,0,0,0,0,0,0,0,0,0,0,0,0,0,0,0,0,0,0,0,0,0,0,0,0,0,0,0,0,0,0,0,0,0,0
260907-ae38bb20-d61b-487f-86bf-7139af5ad8d1,やまどりぃ,70165094,12,2,3,5700,1900,3200,36,12,0,3,0,0,0,0,0,3,18000,6000,0,0,2,17,8.5,1,2,0,6,2,10,0,1,0,0,0,0,0,0,0,1,0,1,0,0,0,0,0,0,0,0,0,0,0,0,1,0,0,0,0,0,0,0,0,0,0,0,0,0,0,0,0,0,0,0,0,0,0,0,0,0,0,0,0,0,0,0,0,0,0,0,0
260907-ae38bb20-d61b-487f-86bf-7139af5ad8d1,CVココア,68095635,12,1,1,8000,8000,8000,15,15,0,1,0,0,3,0,0,3,9900,3300,0,0,1,9,9,0,1,0,3,1,4,0,0,0,0,0,0,0,0,0,1,0,0,0,0,0,0,0,0,0,0,0,0,0,0,0,0,0,0,0,0,0,0,0,0,0,0,0,0,0,0,0,0,0,0,0,0,0,0,0,0,0,0,0,0,0,0,0,0,0,0,0
260907-ae38bb20-d61b-487f-86bf-7139af5ad8d1,suzuken3,74756413,12,3,6,36700,6117,12000,77,12.8,3,3,3,0,2,2,0,0,0,,0,0,0,0,,0,0,0,3,3,7,2,0,0,0,0,0,1,0,1,1,0,2,1,1,0,0,0,0,0,0,1,0,0,0,1,0,1,0,0,0,0,0,0,0,0,0,0,0,0,0,0,0,0,0,0,0,0,0,0,0,0,0,0,0,0,0,0,0,0,0,0
260907-ae38bb20-d61b-487f-86bf-7139af5ad8d1,あるですけど,67226962,12,1,1,2000,2000,2000,13,13,0,1,0,0,0,1,0,2,13000,6500,1,0,1,11,11,0,1,0,3,1,3,0,0,0,0,0,0,0,0,0,0,0,1,0,0,0,0,0,0,0,0,0,0,0,0,0,0,0,0,0,0,0,0,0,0,0,0,0,0,0,0,0,0,0,0,0,0,0,0,0,0,0,0,0,0,0,0,0,0,0,0,0
260907-ba1933f3-06e7-4133-8f8e-093fb6d1c87f,ここここきじゅ,70424557,15,2,6,52300,8717,18000,59,9.8,2,4,1,0,6,3,1,0,0,,0,0,5,51,10.2,3,3,2,4,2,4,2,3,0,0,0,0,0,1,1,0,0,2,0,1,0,0,0,0,0,0,0,0,0,0,0,0,1,0,0,1,0,0,0,0,0,0,0,0,0,0,0,0,0,0,0,0,0,0,0,0,0,0,0,0,0,0,0,0,0,0,0
260907-ba1933f3-06e7-4133-8f8e-093fb6d1c87f,【ぺた】,105037198,15,2,3,16600,5533,8000,33,11,1,2,1,0,2,3,0,1,8000,8000,0,0,2,7,3.5,2,2,0,2,0,2,1,2,0,0,0,0,0,0,0,0,0,0,0,1,0,0,0,0,0,0,0,0,0,0,0,0,0,0,0,0,0,0,0,0,0,0,0,0,0,0,0,0,0,0,0,0,0,0,0,0,0,0,0,0,0,0,0,0,0,0,0
260907-ba1933f3-06e7-4133-8f8e-093fb6d1c87f,けーびぃー,71230039,15,3,3,27900,9300,16000,30,10,2,1,0,0,1,3,0,4,22300,5575,1,0,5,33,6.6,2,4,1,2,1,3,1,2,0,0,0,0,1,0,0,0,0,2,0,1,0,0,1,0,0,0,0,0,0,0,0,0,0,0,0,1,0,0,0,0,0,0,0,0,0,0,0,0,0,0,0,0,0,0,0,0,0,0,0,0,0,0,0,0,0,0,0
260907-ba1933f3-06e7-4133-8f8e-093fb6d1c87f,龍華。。,100912361,15,2,0,0,,,0,,0,0,0,0,0,0,0,2,10600,5300,0,0,2,18,9,0,2,0,1,0,1,0,0,0,0,0,0,0,0,0,0,0,0,0,0,0,0,0,0,0,0,0,0,0,0,0,0,0,0,0,0,0,0,0,0,0,0,0,0,0,0,0,0,0,0,0,0,0,0,0,0,0,0,0,0,0,0,0,0,0,0,0
260907-198c967f-da99-4139-ba08-e5c00ac46443,プニ太郎,72075163,14,2,3,10500,3500,8000,33,11,1,2,0,0,0,1,1,0,0,,0,0,2,8,4,1,2,0,4,2,4,0,1,0,0,0,1,0,0,2,1,0,0,0,0,0,0,0,0,0,0,0,0,0,0,0,0,0,0,0,0,0,0,0,0,0,0,0,0,0,0,0,0,0,0,0,0,0,0,0,0,0,0,0,0,0,0,0,0,0,0,0
260907-198c967f-da99-4139-ba08-e5c00ac46443,うに嫌い。,71559773,14,2,1,1300,1300,1300,12,12,0,1,0,0,0,0,0,1,8000,8000,0,0,2,19,9.5,1,1,1,0,0,0,0,1,0,0,0,0,0,0,0,0,0,0,0,0,0,0,0,0,0,0,0,0,0,0,0,0,0,0,0,0,0,0,0,0,0,0,0,0,0,0,0,0,0,0,0,0,0,0,0,0,0,0,0,0,0,0,0,0,0,0,0
260907-198c967f-da99-4139-ba08-e5c00ac46443,いぐすけ,71312891,14,1,0,0,,,0,,0,0,0,0,0,0,0,2,9100,4550,0,0,1,12,12,0,1,0,4,0,7,0,0,0,0,0,0,0,0,0,0,0,0,0,0,0,0,0,0,0,0,0,0,0,0,0,0,0,0,0,0,0,0,0,0,0,0,0,0,0,0,0,0,0,0,0,0,0,0,0,0,0,0,0,0,0,0,0,0,0,0,0
260907-198c967f-da99-4139-ba08-e5c00ac46443,クッション枕,105441586,14,3,8,63500,7938,18000,106,13.3,6,2,0,0,5,5,1,2,2300,1150,0,0,8,71,8.9,8,7,1,0,0,0,6,8,0,0,0,0,0,0,0,0,0,0,1,3,0,0,0,0,0,0,0,0,0,0,0,0,0,0,0,1,0,0,0,0,0,0,0,0,0,0,0,0,0,0,0,0,0,0,0,0,0,0,0,0,0,0,0,0,0,0,0
260907-1f5aa0f6-6661-4f3f-bf8e-238ea3c0d913,ミルモでチー,73285256,11,3,5,15100,3020,5200,66,13.2,1,4,0,0,2,2,1,3,16100,5367,1,0,2,20,10,1,1,1,6,4,7,0,1,0,0,0,0,0,0,1,0,1,1,0,0,1,0,0,0,0,0,0,0,0,0,0,0,0,0,0,0,0,0,0,0,0,0,0,0,0,0,0,0,0,0,0,0,0,0,0,0,0,0,0,0,0,0,0,0,0,0,0
260907-1f5aa0f6-6661-4f3f-bf8e-238ea3c0d913,むしちゃんです,70030451,11,2,2,4100,2050,2600,24,12,0,2,0,0,0,1,0,5,15300,3060,1,2,2,11,5.5,1,2,0,5,1,8,0,1,0,0,0,0,1,0,0,0,0,0,0,0,0,0,0,0,0,0,0,0,0,0,0,0,0,0,0,0,0,0,0,0,0,0,0,0,0,0,0,0,0,0,0,0,0,0,0,0,0,0,0,0,0,0,0,0,0,0,0
260907-1f5aa0f6-6661-4f3f-bf8e-238ea3c0d913,ミラージュ梅,108670986,11,1,3,18500,6167,12000,32,10.7,0,3,2,0,1,1,3,0,0,,0,0,2,18,9,1,2,0,1,0,1,0,1,0,0,0,0,0,0,0,0,0,2,2,1,0,0,0,0,0,0,0,0,0,0,0,0,0,0,0,0,0,0,0,0,0,0,0,0,0,0,0,0,0,0,0,0,0,0,0,0,0,0,0,0,0,0,0,0,0,0,0
260907-1f5aa0f6-6661-4f3f-bf8e-238ea3c0d913,【くぅー】,100883086,11,1,0,0,,,0,,0,0,0,0,0,0,0,1,5200,5200,1,0,4,50,12.5,0,2,2,1,0,1,0,0,0,0,0,0,0,0,0,0,0,0,0,0,0,0,0,0,0,0,0,0,0,0,0,0,0,0,0,0,0,0,0,0,0,0,0,0,0,0,0,0,0,0,0,0,0,0,0,0,0,0,0,0,0,0,0,0,0,0,0
260907-536c2c8b-c590-4f78-9e95-12b0b75018c3,やまどりぃ,70165094,12,3,4,24100,6025,18000,63,15.8,2,2,0,0,0,3,0,2,7100,3550,0,0,2,18,9,1,1,1,7,3,11,0,1,0,0,0,0,0,1,0,0,0,3,0,1,0,0,1,0,0,0,0,0,0,0,0,0,0,0,0,1,0,0,0,0,0,0,0,0,0,0,0,0,0,0,0,0,0,0,0,0,0,0,0,0,0,0,0,0,0,0,0
260907-536c2c8b-c590-4f78-9e95-12b0b75018c3,きょーか8,69157106,12,2,1,3900,3900,3900,8,8,0,1,0,0,0,1,0,0,0,,0,0,2,16,8,1,2,0,1,0,2,0,1,0,0,0,0,0,0,0,0,0,0,0,0,0,0,0,0,0,0,0,0,0,0,0,0,0,0,0,0,0,0,0,0,0,0,0,0,0,0,0,0,0,0,0,0,0,0,0,0,0,0,0,0,0,0,0,0,0,0,0
260907-536c2c8b-c590-4f78-9e95-12b0b75018c3,閄くん,102172268,12,2,3,6300,2100,3200,36,12,2,1,0,0,1,0,0,1,18000,18000,1,0,2,18,9,1,2,0,6,2,10,0,1,0,0,0,0,0,0,0,0,1,1,0,0,0,0,0,0,0,0,0,0,0,0,1,0,0,0,0,0,0,0,0,0,0,0,0,0,0,0,0,0,0,0,0,0,0,0,0,0,0,0,0,0,0,0,0,0,0,0,0
260907-536c2c8b-c590-4f78-9e95-12b0b75018c3,佐鳥乃愛,69081183,12,1,2,10700,5350,8000,28,14,2,0,0,0,1,0,1,1,2000,2000,0,0,1,9,9,1,1,0,3,1,4,1,1,0,0,0,0,0,0,0,0,0,0,0,0,0,0,0,0,0,0,0,0,0,0,0,0,1,0,0,0,0,0,0,0,0,0,0,0,0,0,0,0,0,0,0,0,0,0,0,0,0,0,0,0,0,0,0,0,0,0,0
260907-35d9df89-a2bc-4d12-aee8-376d320c7194,ぞじまーじゃん,105455563,14,4,5,36200,7240,24000,69,13.8,2,3,0,0,2,2,2,4,24700,6175,0,1,3,43,14.3,2,3,0,5,3,7,1,2,0,0,0,0,1,0,0,1,0,2,1,1,0,0,0,0,0,0,0,0,0,0,0,0,1,0,0,0,0,0,0,0,0,0,0,0,0,0,0,0,0,0,0,0,0,0,0,0,0,0,0,0,0,0,0,0,0,0,0
260907-35d9df89-a2bc-4d12-aee8-376d320c7194,ーはまちー,106149892,14,1,3,18000,6000,8000,38,12.7,3,0,0,0,2,2,0,3,8200,2733,0,1,2,18,9,1,2,0,5,2,7,1,1,0,0,0,0,1,0,0,0,0,1,0,0,0,0,0,0,0,0,0,0,0,0,0,0,1,0,0,0,0,0,0,0,0,0,0,0,0,0,0,0,0,0,0,0,0,0,0,0,0,0,0,0,0,0,0,0,0,0,0
260907-35d9df89-a2bc-4d12-aee8-376d320c7194,Joyo,75385804,14,3,4,24700,6175,18000,41,10.3,0,4,1,0,0,2,0,0,0,,0,0,1,2,2,1,1,0,3,2,4,0,1,0,0,0,0,0,0,0,0,0,1,0,1,0,0,0,0,0,0,0,0,0,0,1,0,0,0,1,0,0,0,0,0,0,0,0,0,0,0,0,0,0,0,0,0,0,0,0,0,0,0,0,0,0,0,0,0,0,0,0
260907-35d9df89-a2bc-4d12-aee8-376d320c7194,ひつじ04,69255735,14,2,2,14700,7350,12000,24,12,2,0,1,0,0,0,0,0,0,,0,0,2,20,10,1,2,0,1,0,1,2,1,0,0,0,0,0,0,0,1,0,0,1,1,0,0,0,0,0,0,0,0,0,0,0,0,0,0,0,1,0,0,0,0,0,0,0,0,0,0,0,0,0,0,0,0,0,0,0,0,0,0,0,0,0,0,0,0,0,0,0
260909-01f5d8e5-a1b5-428c-b24f-09846e9f5280,かんんちゃ,104219450,9,1,3,12200,4067,8000,34,11.3,1,2,0,0,1,1,0,0,0,,0,0,2,23,11.5,2,2,0,3,1,3,1,2,0,0,0,0,0,0,0,0,0,0,0,0,0,0,1,0,0,0,0,0,0,0,0,0,0,0,0,2,0,0,0,0,0,0,0,0,0,0,0,0,0,0,0,0,0,0,0,0,0,0,0,0,0,0,0,0,0,0,0
260909-01f5d8e5-a1b5-428c-b24f-09846e9f5280,あるですけど,67226962,9,1,1,2000,2000,2000,15,15,1,0,0,0,1,0,0,5,12400,2480,1,0,2,25,12.5,0,1,1,1,1,1,0,0,0,0,0,0,0,0,0,0,0,1,0,0,0,0,0,0,0,0,0,0,0,0,0,0,0,0,0,0,0,0,0,0,0,0,0,0,0,0,0,0,0,0,0,0,0,0,0,0,0,0,0,0,0,0,0,0,0,0,0
260909-01f5d8e5-a1b5-428c-b24f-09846e9f5280,まー29,74057136,9,2,2,14000,7000,12000,17,8.5,1,1,0,0,1,0,1,1,2600,2600,0,0,3,14,4.7,2,2,1,2,0,3,1,2,0,0,0,0,0,0,0,0,0,0,0,1,0,0,0,0,0,0,0,0,0,0,0,0,0,0,0,1,0,0,0,0,0,0,0,0,0,0,0,0,0,0,0,0,0,0,0,0,0,0,0,0,0,0,0,0,0,0,0
260909-01f5d8e5-a1b5-428c-b24f-09846e9f5280,ぞじまーじゃん,105455563,9,1,3,8800,2933,5200,34,11.3,0,3,0,0,1,2,0,0,0,,0,0,1,4,4,1,1,0,4,2,6,0,1,0,0,0,0,0,1,0,1,0,0,0,0,0,0,0,0,0,0,0,0,0,0,0,0,0,0,0,0,0,0,0,0,0,0,0,0,0,0,0,0,0,0,0,0,0,0,0,0,0,0,0,0,0,0,0,0,0,0,0
260909-fd8f5718-559e-43c1-8915-a8523c4f995d,アラキ,72059918,10,1,1,8000,8000,8000,17,17,1,0,0,0,0,1,1,3,21200,7067,1,1,4,34,8.5,1,3,1,0,0,0,1,1,0,0,0,0,0,0,0,0,0,0,0,0,0,0,0,0,0,0,0,0,0,0,0,0,0,0,0,0,0,0,0,0,0,0,0,0,0,0,0,0,0,0,0,0,0,0,0,0,0,0,0,0,0,0,0,0,0,0,0
260909-fd8f5718-559e-43c1-8915-a8523c4f995d,ココとコマ,108188428,10,3,3,15800,5267,8000,34,11.3,0,3,3,0,2,1,0,0,0,,0,0,0,0,,0,0,0,0,0,0,0,0,0,0,0,0,0,0,0,1,0,1,0,2,0,0,1,0,0,0,0,0,0,0,0,0,0,0,0,0,0,0,0,0,0,0,0,0,0,0,0,0,0,0,0,0,0,0,0,0,0,0,0,0,0,0,0,0,0,0,0
260909-fd8f5718-559e-43c1-8915-a8523c4f995d,yukke_08,105097753,10,1,2,13200,6600,8000,26,13,0,2,0,0,2,0,0,2,11900,5950,0,0,3,24,8,2,3,0,4,0,7,0,2,0,0,0,0,0,0,0,0,1,0,1,1,0,0,0,0,0,0,0,0,0,0,0,0,0,0,0,0,0,0,0,0,0,0,0,0,0,0,0,0,0,0,0,0,0,0,0,0,0,0,0,0,0,0,0,0,0,0,0
260909-fd8f5718-559e-43c1-8915-a8523c4f995d,いぐすけ,71312891,10,1,1,8000,8000,8000,8,8,0,1,1,0,1,1,0,1,3900,3900,0,0,0,0,,0,0,0,2,0,2,0,0,0,0,0,0,0,0,0,0,0,1,0,1,0,0,0,0,0,0,0,0,0,0,0,0,0,0,0,0,0,0,0,0,0,0,0,0,0,0,0,0,0,0,0,0,0,0,0,0,0,0,0,0,0,0,0,0,0,0,0
260909-5952ed27-b30c-429a-9edb-8a54c1b164d4,ーはまちー,106149892,11,1,0,0,,,0,,0,0,0,0,0,0,0,1,12000,12000,1,0,2,22,11,0,2,0,3,0,3,0,0,0,0,0,0,0,0,0,0,0,0,0,0,0,0,0,0,0,0,0,0,0,0,0,0,0,0,0,0,0,0,0,0,0,0,0,0,0,0,0,0,0,0,0,0,0,0,0,0,0,0,0,0,0,0,0,0,0,0,0
260909-5952ed27-b30c-429a-9edb-8a54c1b164d4,wot毒舌妹bot,68739482,11,2,3,16000,5333,8000,40,13.3,2,1,0,0,0,3,0,1,12000,12000,1,0,5,51,10.2,2,4,1,3,1,3,2,2,0,0,0,0,0,0,0,0,0,2,0,0,0,0,0,0,0,0,0,0,0,0,0,0,0,0,0,0,0,0,0,0,0,0,0,0,0,0,0,0,0,0,0,0,0,0,0,0,0,0,0,0,0,0,0,0,0,0,0
260909-5952ed27-b30c-429a-9edb-8a54c1b164d4,ここここきじゅ,70424557,11,1,3,17500,5833,12000,40,13.3,2,1,0,0,2,2,0,0,0,,0,0,3,27,9,1,3,0,4,2,5,1,1,0,0,0,0,0,0,2,0,0,0,0,0,0,0,0,0,0,0,0,0,0,0,0,0,1,0,0,0,0,0,0,0,0,0,0,0,0,0,0,0,0,0,0,0,0,0,0,0,0,0,0,0,0,0,0,0,0,0,0
260909-5952ed27-b30c-429a-9edb-8a54c1b164d4,CVココア,68095635,11,2,2,20000,10000,12000,32,16,1,1,0,0,6,0,0,1,2000,2000,0,0,0,0,,0,0,0,3,2,7,0,0,0,0,0,0,1,0,1,1,0,0,0,0,0,0,0,0,0,0,0,0,0,0,0,0,0,0,0,0,0,0,0,0,0,0,0,0,0,0,0,0,0,0,0,0,0,0,0,0,0,0,0,0,0,0,0,0,0,0,0
260914-27885d70-040f-4c20-837b-ca7bb6a92dbe,Joyo,75385804,10,3,5,36200,7240,18000,52,10.4,2,3,2,0,1,2,1,2,3600,1800,0,0,2,11,5.5,2,2,0,2,1,2,2,1,0,0,0,0,0,0,0,0,1,1,0,1,0,0,0,1,0,0,0,1,0,0,0,0,0,0,0,1,0,0,0,0,0,0,0,0,0,0,0,0,0,0,0,0,0,0,0,0,0,0,0,0,0,0,0,0,0,0,0
260914-27885d70-040f-4c20-837b-ca7bb6a92dbe,龍華。。,100912361,10,1,1,2600,2600,2600,16,16,0,1,0,0,0,0,0,2,3000,1500,0,0,2,20,10,1,2,0,1,0,1,0,1,0,0,0,0,0,0,0,0,0,0,0,0,0,0,0,0,0,0,0,0,0,0,0,0,0,0,0,1,0,0,0,0,0,0,0,0,0,0,0,0,0,0,0,0,0,0,0,0,0,0,0,0,0,0,0,0,0,0,0
260914-27885d70-040f-4c20-837b-ca7bb6a92dbe,CVココア,68095635,10,1,0,0,,,0,,0,0,0,0,0,0,0,0,0,,0,0,1,10,10,0,1,0,3,0,3,0,0,0,0,0,0,0,0,0,0,0,0,0,0,0,0,0,0,0,0,0,0,0,0,0,0,0,0,0,0,0,0,0,0,0,0,0,0,0,0,0,0,0,0,0,0,0,0,0,0,0,0,0,0,0,0,0,0,0,0,0
260914-27885d70-040f-4c20-837b-ca7bb6a92dbe,suzuken3,74756413,10,1,1,1000,1000,1000,6,6,0,1,0,0,0,0,0,1,3200,3200,0,0,0,0,,0,0,0,4,1,6,0,0,0,0,0,0,0,0,1,0,0,0,0,0,0,0,0,0,0,0,0,0,0,0,0,0,0,0,0,0,0,0,0,0,0,0,0,0,0,0,0,0,0,0,0,0,0,0,0,0,0,0,0,0,0,0,0,0,0,0,0
260914-deb43a8d-da23-4d54-8293-89781c19abd2,ミラージュ梅,108670986,10,2,1,3900,3900,3900,13,13,0,1,0,0,1,1,0,1,1000,1000,0,0,2,12,6,0,2,0,1,1,1,0,0,0,0,0,0,0,0,1,0,0,0,0,0,0,0,0,0,0,0,0,0,0,0,0,0,0,0,0,0,0,0,0,0,0,0,0,0,0,0,0,0,0,0,0,0,0,0,0,0,0,0,0,0,0,0,0,0,0,0,0
260914-deb43a8d-da23-4d54-8293-89781c19abd2,ひつじ04,69255735,10,1,1,1000,1000,1000,12,12,0,1,0,0,0,0,0,1,8000,8000,0,0,0,0,,0,0,0,3,1,3,0,0,0,0,0,0,0,0,0,0,0,1,0,0,0,0,0,0,0,0,0,0,0,0,0,0,0,0,0,0,0,0,0,0,0,0,0,0,0,0,0,0,0,0,0,0,0,0,0,0,0,0,0,0,0,0,0,0,0,0,0
260914-deb43a8d-da23-4d54-8293-89781c19abd2,アヤコぽん,67125080,10,1,3,13900,4633,8000,26,8.7,1,2,0,0,1,3,0,1,3900,3900,0,1,1,8,8,1,0,1,4,2,7,0,1,0,0,0,0,0,0,0,0,1,2,1,1,0,0,0,0,0,0,0,0,0,0,0,0,0,0,0,0,0,0,0,0,0,0,0,0,0,0,0,0,0,0,0,0,0,0,0,0,0,0,0,0,0,0,0,0,0,0,0
260914-deb43a8d-da23-4d54-8293-89781c19abd2,【ぺた】,105037198,10,2,2,7900,3950,4000,24,12,1,1,0,0,1,1,0,2,7800,3900,0,0,2,14,7,1,2,0,4,1,7,1,1,0,0,0,0,0,0,1,0,0,1,0,0,0,0,0,0,0,0,0,0,0,0,0,0,0,0,0,0,0,0,0,0,0,0,0,0,0,0,0,0,0,0,0,0,0,0,0,0,0,0,0,0,0,0,0,0,0,0,0
260914-95f2a49c-591f-40cc-be5d-eb7332142dd4,tazmitu,104881189,12,2,0,0,,,0,,0,0,0,0,0,0,0,1,5800,5800,1,0,2,23,11.5,0,2,0,5,0,7,0,0,0,0,0,0,0,0,0,0,0,0,0,0,0,0,0,0,0,0,0,0,0,0,0,0,0,0,0,0,0,0,0,0,0,0,0,0,0,0,0,0,0,0,0,0,0,0,0,0,0,0,0,0,0,0,0,0,0,0,0
260914-95f2a49c-591f-40cc-be5d-eb7332142dd4,モモンs,68082950,12,2,5,25000,5000,8000,68,13.6,4,1,1,0,3,4,1,0,0,,0,0,2,19,9.5,2,1,1,4,2,7,2,2,0,0,0,0,0,0,1,0,1,0,0,1,0,0,0,0,0,0,0,0,0,0,0,0,0,0,0,1,0,0,0,0,0,0,0,0,0,0,0,0,0,0,0,0,0,0,0,0,0,0,0,0,0,0,0,0,0,0,0
260914-95f2a49c-591f-40cc-be5d-eb7332142dd4,ーはまちー,106149892,12,1,0,0,,,0,,0,0,0,0,0,0,0,1,2000,2000,0,0,2,17,8.5,0,0,2,2,0,4,0,0,0,0,0,0,0,0,0,0,0,0,0,0,0,0,0,0,0,0,0,0,0,0,0,0,0,0,0,0,0,0,0,0,0,0,0,0,0,0,0,0,0,0,0,0,0,0,0,0,0,0,0,0,0,0,0,0,0,0,0
260914-95f2a49c-591f-40cc-be5d-eb7332142dd4,十勝寅,107259820,12,2,5,15300,3060,5800,71,14.2,3,2,0,0,1,2,0,1,8000,8000,0,0,4,42,10.5,1,4,0,6,4,10,1,1,0,0,0,1,0,0,0,1,0,2,0,0,0,0,0,0,0,0,1,0,0,0,0,0,0,0,0,0,0,0,0,0,0,0,0,0,0,0,0,0,0,0,0,0,0,0,0,0,0,0,0,0,0,0,0,0,0,0,0
260914-398bb058-fdb9-4d85-ad9b-ac237b50c48d,けーびぃー,71230039,10,3,3,8600,2867,4000,36,12,2,1,1,0,1,3,0,0,0,,0,0,0,0,,0,0,0,5,2,10,1,0,0,0,0,0,1,0,0,0,0,1,0,0,0,0,0,0,0,0,0,0,0,0,0,0,0,0,0,0,0,0,0,0,0,0,0,0,0,0,0,0,0,0,0,0,0,0,0,0,0,0,0,0,0,0,0,0,0,0,0
260914-398bb058-fdb9-4d85-ad9b-ac237b50c48d,クッション枕,105441586,10,1,2,13200,6600,8000,15,7.5,1,1,0,0,0,1,2,2,9000,4500,1,0,3,23,7.7,2,3,0,0,0,0,1,2,0,0,0,0,0,0,0,0,0,0,0,1,0,0,0,0,0,0,0,0,0,0,0,0,0,0,0,1,0,0,0,0,0,0,0,0,0,0,0,0,0,0,0,0,0,0,0,0,0,0,0,0,0,0,0,0,0,0,0
260914-398bb058-fdb9-4d85-ad9b-ac237b50c48d,アヤコぽん,67125080,10,1,2,14400,7200,8000,32,16,0,2,1,0,0,1,1,1,8000,8000,0,1,2,26,13,1,2,0,3,0,5,0,1,0,0,0,0,0,0,0,0,0,1,0,1,0,0,1,0,0,0,0,0,0,0,1,0,0,0,0,0,0,0,0,0,0,0,0,0,0,0,0,0,0,0,0,0,0,0,0,0,0,0,0,0,0,0,0,0,0,0,0
260914-398bb058-fdb9-4d85-ad9b-ac237b50c48d,Akise299,101770365,10,1,1,8000,8000,8000,13,13,0,1,0,0,3,1,0,2,13200,6600,0,0,0,0,,0,0,0,7,1,11,0,0,0,0,0,0,0,0,0,0,0,1,0,0,0,0,0,0,0,0,0,0,0,0,0,0,0,0,0,0,0,0,0,0,0,0,0,0,0,0,0,0,0,0,0,0,0,0,0,0,0,0,0,0,0,0,0,0,0,0,0
260914-91b521ef-4d28-44c4-a5d7-844c337d3a2e,富士丸ラーメン,68893579,13,1,1,1600,1600,1600,9,9,0,1,1,0,0,0,0,2,11900,5950,0,1,0,0,,0,0,0,2,0,4,0,0,0,0,0,0,0,0,0,0,0,0,0,0,0,0,0,0,0,0,0,0,0,0,1,0,0,0,0,0,0,0,0,0,0,0,0,0,0,0,0,0,0,0,0,0,0,0,0,0,0,0,0,0,0,0,0,0,0,0,0
260914-91b521ef-4d28-44c4-a5d7-844c337d3a2e,【くぅー】,100883086,13,4,3,42000,14000,18000,39,13,2,1,0,0,1,2,1,1,3900,3900,0,0,4,36,9,3,3,1,3,0,6,2,3,0,0,0,0,0,1,0,0,0,2,1,2,0,0,1,0,0,0,0,0,0,0,0,0,0,0,0,1,0,0,0,0,0,0,0,0,0,0,0,0,0,0,0,0,0,0,0,0,0,0,0,0,0,0,0,0,0,0,0
260914-91b521ef-4d28-44c4-a5d7-844c337d3a2e,ルート12345,71218983,13,1,3,19900,6633,8000,29,9.7,1,2,0,0,3,1,1,1,2900,2900,1,0,4,32,8,2,3,1,3,1,6,1,2,0,0,0,0,0,1,0,0,0,1,0,0,0,0,0,0,0,0,0,0,0,0,0,0,0,0,0,1,0,0,0,0,0,0,0,0,0,0,0,0,0,0,0,0,0,0,0,0,0,0,0,0,0,0,0,0,0,0,0
260914-91b521ef-4d28-44c4-a5d7-844c337d3a2e,椎名_彩矢奈,73149646,13,3,4,22700,5675,12000,33,8.3,1,3,0,0,1,1,1,3,23500,7833,0,1,3,18,6,3,3,0,8,1,10,1,3,0,0,0,0,0,0,0,0,0,1,0,2,0,0,0,0,0,0,0,0,0,0,0,0,0,0,0,2,0,0,0,0,0,0,0,0,0,0,0,0,0,0,0,0,0,0,0,0,0,0,0,0,0,0,0,0,0,0,0
260914-bd64b037-0248-43b7-af6a-1144ce6cfdfd,tazmitu,104881189,13,2,3,22700,7567,12000,39,13,2,1,0,0,0,2,1,2,19700,9850,0,0,4,41,10.3,2,2,2,3,1,5,1,2,0,0,0,0,1,0,0,0,0,1,0,1,0,0,0,0,0,0,0,0,0,0,0,0,0,0,0,1,0,0,0,0,0,0,0,0,0,0,0,0,0,0,0,0,0,0,0,0,0,0,0,0,0,0,0,0,0,0,0
260914-bd64b037-0248-43b7-af6a-1144ce6cfdfd,ココとコマ,108188428,13,1,1,2000,2000,2000,12,12,1,0,0,0,1,0,0,1,2000,2000,0,0,1,4,4,0,1,0,2,1,2,0,0,0,0,0,0,0,0,0,0,0,1,0,0,0,0,0,0,0,0,0,0,0,0,0,0,0,0,0,0,0,0,0,0,0,0,0,0,0,0,0,0,0,0,0,0,0,0,0,0,0,0,0,0,0,0,0,0,0,0,0
260914-bd64b037-0248-43b7-af6a-1144ce6cfdfd,うに嫌い。,71559773,13,2,5,31900,6380,12000,62,12.4,2,3,1,0,2,2,1,0,0,,0,0,1,14,14,1,1,0,3,3,6,2,1,0,0,0,0,1,1,1,0,1,1,1,0,0,0,0,0,0,0,0,0,0,0,0,0,1,0,0,1,0,0,0,0,0,0,0,0,0,0,0,0,0,0,0,0,0,0,0,0,0,0,0,0,0,0,0,0,0,0,0
260914-bd64b037-0248-43b7-af6a-1144ce6cfdfd,綴美,74124071,13,4,3,26800,8933,18000,28,9.3,2,1,0,0,0,2,1,2,11900,5950,1,0,4,31,7.8,1,3,1,6,2,11,1,1,0,0,0,0,0,0,2,0,0,0,0,1,0,0,0,0,0,0,1,0,0,0,0,0,0,0,0,1,0,0,0,0,0,0,0,0,0,0,0,0,0,0,0,0,0,0,0,0,0,0,0,0,0,0,0,0,0,0,0
260909-0c58e7ca-3625-4d2a-9b12-ce021e00acb5,Akise299,101770365,12,3,3,19000,6333,8000,44,14.7,1,2,0,0,1,2,0,0,0,,0,0,0,0,,0,0,0,8,3,10,0,0,0,0,0,0,0,1,1,2,1,0,0,0,0,0,0,0,0,0,0,0,0,0,0,0,1,0,0,0,0,0,0,0,0,0,0,0,0,0,0,0,0,0,0,0,0,0,0,0,0,0,0,0,0,0,0,0,0,0,0
260909-0c58e7ca-3625-4d2a-9b12-ce021e00acb5,モモンs,68082950,12,1,1,3900,3900,3900,6,6,0,1,0,0,1,1,0,3,21200,7067,0,1,2,19,9.5,0,2,0,4,1,6,0,0,0,0,0,0,0,0,0,0,1,0,0,0,0,0,0,0,0,0,0,0,0,0,0,0,0,0,0,0,0,0,0,0,0,0,0,0,0,0,0,0,0,0,0,0,0,0,0,0,0,0,0,0,0,0,0,0,0,0,0
260909-0c58e7ca-3625-4d2a-9b12-ce021e00acb5,のあだよ〜ん,105124802,12,3,3,14100,4700,6000,40,13.3,2,1,1,0,3,1,0,1,5800,5800,0,0,3,16,5.3,1,3,0,1,1,1,1,1,0,0,0,0,0,0,0,0,0,0,0,1,0,1,0,0,0,0,0,0,0,0,0,0,0,0,0,0,0,0,0,0,0,0,0,0,0,0,0,0,0,0,0,0,0,0,0,0,0,0,0,0,0,0,0,0,0,0,0
260909-0c58e7ca-3625-4d2a-9b12-ce021e00acb5,Joyo,75385804,12,1,3,24000,8000,8000,39,13,1,2,0,0,6,1,0,2,6800,3400,0,0,1,11,11,1,1,0,3,2,6,0,1,0,0,0,0,0,0,0,1,0,0,0,1,0,0,0,0,0,0,0,0,0,0,0,0,1,0,0,1,0,0,0,0,0,0,0,0,0,0,0,0,0,0,0,0,0,0,0,0,0,0,0,0,0,0,0,0,0,0,0
260909-149a7493-0db1-4969-a073-734ecb775f08,椎名_彩矢奈,73149646,16,4,5,20400,4080,12000,47,9.4,0,5,0,0,1,2,1,3,6900,2300,0,0,2,14,7,2,2,0,11,3,17,0,2,0,0,0,0,1,0,0,0,0,2,0,1,0,1,0,0,0,0,0,0,0,0,0,0,0,0,0,1,0,0,0,0,0,0,0,0,0,0,0,0,0,0,0,0,0,0,0,0,0,0,0,0,0,0,0,0,0,0,0
260909-149a7493-0db1-4969-a073-734ecb775f08,佐鳥乃愛,69081183,16,3,4,13500,3375,5800,35,8.8,2,2,0,0,0,2,0,1,2000,2000,0,0,0,0,,0,0,0,7,4,11,0,0,0,0,0,0,0,1,1,2,2,0,0,0,0,0,0,0,0,0,0,0,0,0,0,0,0,0,0,0,0,0,0,0,0,0,0,0,0,0,0,0,0,0,0,0,0,0,0,0,0,0,0,0,0,0,0,0,0,0,0
260909-149a7493-0db1-4969-a073-734ecb775f08,ちたーふ,68331919,16,2,2,11900,5950,8000,24,12,0,2,0,0,2,3,0,3,9300,3100,0,1,0,0,,0,0,0,3,2,6,0,0,0,0,0,0,1,0,0,0,1,0,0,0,0,0,0,0,0,0,0,0,0,0,0,0,0,0,0,0,0,0,0,0,0,0,0,0,0,0,0,0,0,0,0,0,0,0,0,0,0,0,0,0,0,0,0,0,0,0,0
260909-149a7493-0db1-4969-a073-734ecb775f08,しゅんんたろう,72710728,16,2,2,4000,2000,2000,20,10,1,1,0,0,0,0,0,3,22900,7633,0,2,0,0,,0,0,0,6,2,11,0,0,0,0,0,0,0,0,0,2,1,0,0,0,0,1,0,0,0,0,0,0,0,0,0,0,0,0,0,0,0,0,0,0,0,0,0,0,0,0,0,0,0,0,0,0,0,0,0,0,0,0,0,0,0,0,0,0,0,0,0
260909-b78a752e-5993-4b2b-973d-225b4bdbfe4c,うに嫌い。,71559773,12,1,0,0,,,0,,0,0,0,0,0,0,0,0,0,,0,0,1,13,13,0,1,0,1,0,3,0,0,0,0,0,0,0,0,0,0,0,0,0,0,0,0,0,0,0,0,0,0,0,0,0,0,0,0,0,0,0,0,0,0,0,0,0,0,0,0,0,0,0,0,0,0,0,0,0,0,0,0,0,0,0,0,0,0,0,0,0
260909-b78a752e-5993-4b2b-973d-225b4bdbfe4c,けーびぃー,71230039,12,2,4,11100,2775,5200,62,15.5,1,3,1,0,1,2,0,0,0,,0,0,1,5,5,1,1,0,3,2,6,1,1,0,0,0,0,0,1,0,0,0,2,0,0,0,0,0,0,0,0,0,0,0,0,0,0,0,0,0,0,0,0,0,0,0,0,0,0,0,0,0,0,0,0,0,0,0,0,0,0,0,0,0,0,0,0,0,0,0,0,0
260909-b78a752e-5993-4b2b-973d-225b4bdbfe4c,ミルモでチー,73285256,12,3,3,26000,8667,12000,33,11,3,0,0,0,2,2,1,4,11100,2775,1,0,3,27,9,2,3,0,5,1,7,2,2,0,0,0,0,0,0,1,1,1,0,0,0,0,0,0,0,0,0,0,0,0,0,0,0,0,0,0,0,0,0,0,0,0,0,0,0,0,0,0,0,0,0,0,0,0,0,0,0,0,0,0,0,0,0,0,0,0,0,0
260909-b78a752e-5993-4b2b-973d-225b4bdbfe4c,きょーか8,69157106,12,2,3,11100,3700,8000,48,16,2,1,0,0,0,2,0,0,0,,0,0,1,7,7,1,1,0,5,2,6,1,1,0,0,0,0,0,0,0,0,2,1,0,1,0,0,0,0,0,0,0,0,0,0,0,0,0,0,0,0,0,0,0,0,0,0,0,0,0,0,0,0,0,0,0,0,0,0,0,0,0,0,0,0,0,0,0,0,0,0,0
260912-a7674757-fd48-4446-9f46-48fe675c6feb,yukke_08,105097753,10,1,2,24000,12000,16000,26,13,2,0,0,0,3,0,0,0,0,,0,0,1,12,12,0,0,1,2,2,3,0,0,0,0,0,0,1,0,0,1,1,0,0,0,0,0,0,0,0,0,1,1,0,0,0,0,1,0,0,0,0,0,0,0,0,0,0,0,0,0,0,0,0,0,0,0,0,0,0,0,0,0,0,0,0,0,0,0,0,0,0
260912-a7674757-fd48-4446-9f46-48fe675c6feb,【くぅー】,100883086,10,2,2,9100,4550,5200,21,10.5,2,0,0,0,0,1,0,2,21200,10600,1,0,3,18,6,2,2,1,2,0,5,2,2,0,0,0,0,0,0,0,0,0,0,0,1,0,0,0,0,0,0,0,0,0,0,0,0,0,0,0,0,0,0,0,0,0,0,0,0,0,0,0,0,0,0,0,0,0,0,0,0,0,0,0,0,0,0,0,0,0,0,0
260912-a7674757-fd48-4446-9f46-48fe675c6feb,パラセクト。,68814370,10,1,2,4300,2150,3200,14,7,1,1,0,0,0,1,0,0,0,,0,0,3,24,8,1,2,1,3,1,4,0,1,0,0,0,0,1,0,0,0,0,0,0,0,0,0,0,0,0,0,0,0,0,0,0,0,0,0,0,0,0,0,0,0,0,0,0,0,0,0,0,0,0,0,0,0,0,0,0,0,0,0,0,0,0,0,0,0,0,0,0
260912-a7674757-fd48-4446-9f46-48fe675c6feb,めいぴょい,67873976,10,2,2,20000,10000,18000,21,10.5,1,1,0,0,0,2,3,0,0,,0,0,2,16,8,1,2,0,2,1,4,0,1,0,0,0,0,0,1,1,0,0,0,0,0,0,0,0,0,0,0,0,0,0,0,0,0,0,0,0,0,0,0,0,0,0,0,0,0,0,0,0,0,0,0,0,0,0,0,0,0,0,0,0,0,0,0,0,0,0,0,0
260912-7f89a7b5-0122-49c4-8adf-bb3182ed4cc8,crac,72766841,11,2,1,8000,8000,8000,17,17,0,1,0,0,1,2,0,2,11900,5950,1,0,3,25,8.3,1,3,0,4,0,7,0,1,0,0,0,0,0,0,0,0,0,0,0,0,0,0,0,0,0,0,0,0,0,0,0,0,0,0,0,0,0,0,0,0,0,0,0,0,0,0,0,0,0,0,0,0,0,0,0,0,0,0,0,0,0,0,0,0,0,0,0
260912-7f89a7b5-0122-49c4-8adf-bb3182ed4cc8,かんんちゃ,104219450,11,1,1,8000,8000,8000,18,18,0,1,0,0,0,1,0,1,5200,5200,0,0,2,23,11.5,0,1,1,3,1,3,0,0,0,0,0,0,0,0,0,0,0,0,0,0,0,1,0,0,0,0,0,0,0,0,0,0,1,0,0,0,0,0,0,0,0,0,0,0,0,0,0,0,0,0,0,0,0,0,0,0,0,0,0,0,0,0,0,0,0,0,0
260912-7f89a7b5-0122-49c4-8adf-bb3182ed4cc8,wot毒舌妹bot,68739482,11,3,4,20700,5175,12000,45,11.3,3,1,0,0,0,2,0,1,8000,8000,0,1,2,14,7,1,2,0,4,3,7,1,1,0,0,0,0,0,0,2,1,1,2,0,0,0,0,0,0,0,0,0,0,0,0,0,0,0,0,0,0,0,0,0,0,0,0,0,0,0,0,0,0,0,0,0,0,0,0,0,0,0,0,0,0,0,0,0,0,0,0,0
260912-7f89a7b5-0122-49c4-8adf-bb3182ed4cc8,十勝寅,107259820,11,1,2,5900,2950,3900,17,8.5,1,1,0,0,1,1,0,0,0,,0,0,0,0,,0,0,0,3,2,3,0,0,0,0,0,0,1,0,0,0,0,0,0,0,0,0,0,0,0,0,0,0,0,0,0,0,1,0,0,0,0,0,0,0,0,0,0,0,0,0,0,0,0,0,0,0,0,0,0,0,0,0,0,0,0,0,0,0,0,0,0
260912-cc3d301b-f5da-4136-9586-52bc0b306b29,クロミです,105506555,12,2,2,20000,10000,12000,18,9,1,1,0,0,0,0,0,0,0,,0,0,1,10,10,1,0,1,3,1,4,1,1,0,0,0,0,1,0,0,0,1,0,1,1,0,0,0,0,0,0,0,0,0,0,0,0,1,0,0,1,0,0,0,0,0,0,0,0,0,0,0,0,0,0,0,0,0,0,0,0,0,0,0,0,0,0,0,0,0,0,0
260912-cc3d301b-f5da-4136-9586-52bc0b306b29,【ぺた】,105037198,12,3,2,30000,15000,24000,22,11,2,0,0,0,2,3,1,0,0,,0,0,3,31,10.3,1,1,2,5,1,8,1,1,0,0,0,0,0,0,0,0,0,1,0,1,0,0,0,0,0,0,0,0,0,0,0,0,0,0,0,1,0,0,0,0,0,0,0,0,0,0,0,0,0,0,0,0,0,0,0,0,0,0,0,0,0,0,0,0,0,0,0
260912-cc3d301b-f5da-4136-9586-52bc0b306b29,プニ太郎,72075163,12,1,4,15100,3775,5200,56,14,3,1,0,0,0,1,0,2,9000,4500,0,1,5,49,9.8,3,4,1,2,1,2,2,3,0,0,0,0,0,0,0,0,0,1,1,1,0,0,0,0,0,0,0,0,0,0,0,0,1,0,0,0,0,0,0,0,0,0,0,0,0,0,0,0,0,0,0,0,0,0,0,0,0,0,0,0,0,0,0,0,0,0,0
260912-cc3d301b-f5da-4136-9586-52bc0b306b29,やまどりぃ,70165094,12,1,2,5000,2500,4000,22,11,1,1,0,0,0,0,0,1,3900,3900,0,0,2,18,9,1,2,0,5,1,9,1,1,0,0,0,0,1,0,0,0,0,0,1,0,0,0,0,0,0,0,0,0,0,0,0,0,0,0,0,0,0,0,0,0,0,0,0,0,0,0,0,0,0,0,0,0,0,0,0,0,0,0,0,0,0,0,0,0,0,0,0
260912-f142f8c5-7d51-451c-a2b7-4bb6ef5da60c,Joyo,75385804,14,6,6,39300,6550,12000,57,9.5,1,5,0,0,4,3,0,3,18300,6100,0,0,1,8,8,1,1,0,7,5,8,1,1,0,0,0,0,0,1,0,2,2,2,0,0,0,0,0,0,0,0,0,0,0,0,0,0,0,0,0,1,0,0,0,0,0,0,0,0,0,0,0,0,0,0,0,0,0,0,0,0,0,0,0,0,0,0,0,0,0,0,0
260912-f142f8c5-7d51-451c-a2b7-4bb6ef5da60c,椎名_彩矢奈,73149646,14,2,3,10800,3600,7700,26,8.7,1,2,0,0,2,0,0,2,5400,2700,1,0,3,27,9,1,3,0,4,2,6,0,1,0,0,0,0,0,1,0,0,0,2,0,0,0,0,0,0,0,0,0,0,0,0,0,0,0,0,0,0,0,0,0,0,0,0,0,0,0,0,0,0,0,0,0,0,0,0,0,0,0,0,0,0,0,0,0,0,0,0,0
260912-f142f8c5-7d51-451c-a2b7-4bb6ef5da60c,けーびぃー,71230039,14,1,0,0,,,0,,0,0,0,0,0,0,0,5,21000,4200,1,0,1,11,11,0,1,0,3,0,3,0,0,0,0,0,0,0,0,0,0,0,0,0,0,0,0,0,0,0,0,0,0,0,0,0,0,0,0,0,0,0,0,0,0,0,0,0,0,0,0,0,0,0,0,0,0,0,0,0,0,0,0,0,0,0,0,0,0,0,0,0
260912-f142f8c5-7d51-451c-a2b7-4bb6ef5da60c,ミルモでチー,73285256,14,1,5,27700,5540,8000,60,12,0,5,0,0,7,4,0,2,24000,12000,0,0,2,25,12.5,2,1,1,5,3,6,0,2,0,0,0,0,0,0,0,2,1,2,0,0,0,0,0,0,0,0,0,0,0,0,0,0,0,0,0,0,0,0,0,0,0,0,0,0,0,0,0,0,0,0,0,0,0,0,0,0,0,0,0,0,0,0,0,0,0,0,0
260912-11665164-8d54-49a7-bd2c-dece7ecfdcbe,クロミです,105506555,13,2,3,31200,10400,18000,31,10.3,3,0,0,0,1,3,1,2,5800,2900,0,0,2,12,6,2,2,0,3,1,4,2,2,0,0,0,0,0,0,0,1,0,2,0,2,0,0,0,0,0,0,0,0,0,0,0,0,0,0,0,0,0,0,0,0,0,0,0,0,0,0,0,0,0,0,0,0,0,0,0,0,0,0,0,0,0,0,0,0,0,0,0
260912-11665164-8d54-49a7-bd2c-dece7ecfdcbe,アラキ,72059918,13,2,1,4800,4800,4800,18,18,0,1,0,0,1,0,0,2,7200,3600,0,0,3,38,12.7,1,3,0,3,0,3,0,1,0,0,0,0,0,0,0,0,0,0,0,0,0,0,0,0,0,0,0,0,0,0,0,0,0,0,0,0,0,0,0,0,0,0,0,0,0,0,0,0,0,0,0,0,0,0,0,0,0,0,0,0,0,0,0,0,0,0,0
260912-11665164-8d54-49a7-bd2c-dece7ecfdcbe,プニ太郎,72075163,13,1,1,1000,1000,1000,4,4,0,1,0,0,0,0,0,1,2600,2600,0,0,0,0,,0,0,0,4,1,5,0,0,0,0,0,0,0,0,1,0,0,0,0,0,0,0,0,0,0,0,0,0,0,0,0,0,0,0,0,0,0,0,0,0,0,0,0,0,0,0,0,0,0,0,0,0,0,0,0,0,0,0,0,0,0,0,0,0,0,0,0
260912-11665164-8d54-49a7-bd2c-dece7ecfdcbe,tsuna_san,105687437,13,3,7,24000,3429,5200,70,10,3,4,0,0,0,4,2,1,4800,4800,0,0,4,31,7.8,4,4,0,4,3,5,1,4,0,0,0,0,1,0,1,0,0,1,0,1,0,0,0,0,0,0,0,0,0,0,0,0,0,0,0,1,0,0,0,0,0,0,0,0,0,0,0,0,0,0,0,0,0,0,0,0,0,0,0,0,0,0,0,0,0,0,0
260912-b02078e4-f041-43dc-8501-72044a8573a3,ひつじ04,69255735,14,2,2,14000,7000,12000,26,13,1,1,0,0,2,3,0,1,3900,3900,0,0,0,0,,0,0,0,4,2,6,0,0,0,0,0,0,0,1,0,0,0,1,0,0,0,0,0,0,0,0,0,0,0,0,0,0,0,0,0,0,0,0,0,0,0,0,0,0,0,0,0,0,0,0,0,0,0,0,0,0,0,0,0,0,0,0,0,0,0,0,0
260912-b02078e4-f041-43dc-8501-72044a8573a3,ちたーふ,68331919,14,2,3,23700,7900,8000,37,12.3,1,2,1,0,3,2,1,1,7700,7700,0,0,1,9,9,1,1,0,2,1,3,0,1,0,0,0,0,0,0,1,0,0,0,0,1,0,0,1,0,0,0,0,0,0,0,0,0,0,0,0,0,0,0,0,0,0,0,0,0,0,0,0,0,0,0,0,0,0,0,0,0,0,0,0,0,0,0,0,0,0,0,0
260912-b02078e4-f041-43dc-8501-72044a8573a3,パラセクト。,68814370,14,3,2,11600,5800,7700,27,13.5,0,2,0,0,1,2,0,3,18300,6100,0,1,4,36,9,2,4,0,6,0,8,0,2,0,0,0,0,0,0,0,0,0,0,0,0,0,0,0,0,0,0,0,0,0,0,0,0,0,0,0,0,0,0,0,0,0,0,0,0,0,0,0,0,0,0,0,0,0,0,0,0,0,0,0,0,0,0,0,0,0,0,0
260912-b02078e4-f041-43dc-8501-72044a8573a3,kotetsu0422,68590027,14,3,3,22600,7533,12000,28,9.3,2,1,0,0,1,0,1,1,12000,12000,1,0,3,31,10.3,1,3,0,4,2,4,0,1,0,0,0,0,1,0,0,0,1,0,0,0,0,0,0,0,0,0,1,1,0,0,0,0,1,0,0,0,0,0,0,0,0,0,0,0,0,0,0,0,0,0,0,0,0,0,0,0,0,0,0,0,0,0,0,0,0,0,0
