大会名,リーグ,チーム,対局数,開始日,開催曜日,1日の試合数,第1戦,第2戦,第3戦,第4戦,第5戦,第6戦,第7戦,第8戦,第9戦,第10戦,第11戦,第12戦,第13戦,第14戦,第15戦,第16戦,第17戦,第18戦,第19戦,第20戦,第21戦,第22戦,第23戦,第24戦
第一回フォーサムリーグ,予選,ネコババしちゃ,24,2026-09-02,月水土,2,2026-09-02(水) B卓 北,2026-09-02(水) B卓 北,2026-09-05(土) C卓 北,2026-09-05(土) A卓 南,2026-09-07(月) C卓 西,2026-09-07(月) B卓 西,2026-09-09(水) C卓 東,2026-09-09(水) B卓 北,2026-09-12(土) B卓 西,2026-09-12(土) C卓 東,2026-09-14(月) C卓 西,2026-09-14(月) B卓 南,2026-09-16(水) B卓 北,2026-09-16(水) C卓 南,2026-09-19(土) A卓 東,2026-09-19(土) C卓 南,2026-09-21(月) C卓 東,2026-09-21(月) A卓 南,2026-09-23(水) C卓 西,2026-09-23(水) C卓 北,2026-09-26(土) B卓 南,2026-09-26(土) B卓 東,2026-09-28(月) A卓 西,2026-09-28(月) B卓 東
第一回フォーサムリーグ,予選,後ろ盾あります,24,2026-09-02,月水土,2,2026-09-02(水) C卓 北,2026-09-02(水) C卓 北,2026-09-05(土) C卓 西,2026-09-05(土) A卓 西,2026-09-07(月) C卓 東,2026-09-07(月) C卓 南,2026-09-09(水) A卓 西,2026-09-09(水) B卓 南,2026-09-12(土) A卓 南,2026-09-12(土) B卓 北,2026-09-14(月) A卓 東,2026-09-14(月) C卓 西,2026-09-16(水) A卓 東,2026-09-16(水) A卓 西,2026-09-19(土) B卓 南,2026-09-19(土) B卓 南,2026-09-21(月) B卓 東,2026-09-21(月) C卓 南,2026-09-23(水) B卓 北,2026-09-23(水) A卓 東,2026-09-26(土) B卓 北,2026-09-26(土) C卓 東,2026-09-28(月) B卓 北,2026-09-28(月) B卓 西
第一回フォーサムリーグ,予選,株式会社JOYOTA,24,2026-09-02,月水土,2,2026-09-02(水) A卓 東,2026-09-02(水) B卓 東,2026-09-05(土) B卓 北,2026-09-05(土) B卓 北,2026-09-07(月) C卓 北,2026-09-07(月) B卓 南,2026-09-09(水) A卓 東,2026-09-09(水) A卓 南,2026-09-12(土) C卓 南,2026-09-12(土) C卓 南,2026-09-14(月) A卓 南,2026-09-14(月) B卓 西,2026-09-16(水) C卓 西,2026-09-16(水) A卓 東,2026-09-19(土) A卓 北,2026-09-19(土) A卓 南,2026-09-21(月) A卓 北,2026-09-21(月) B卓 西,2026-09-23(水) A卓 東,2026-09-23(水) A卓 西,2026-09-26(土) A卓 西,2026-09-26(土) C卓 西,2026-09-28(月) A卓 北,2026-09-28(月) C卓 東
第一回フォーサムリーグ,予選,なつフェス,24,2026-09-02,月水土,2,2026-09-02(水) A卓 北,2026-09-02(水) C卓 西,2026-09-05(土) B卓 西,2026-09-05(土) B卓 南,2026-09-07(月) A卓 北,2026-09-07(月) C卓 西,2026-09-09(水) B卓 西,2026-09-09(水) C卓 西,2026-09-12(土) C卓 東,2026-09-12(土) A卓 東,2026-09-14(月) C卓 南,2026-09-14(月) C卓 南,2026-09-16(水) B卓 東,2026-09-16(水) C卓 東,2026-09-19(土) C卓 北,2026-09-19(土) A卓 西,2026-09-21(月) C卓 北,2026-09-21(月) A卓 東,2026-09-23(水) B卓 南,2026-09-23(水) B卓 北,2026-09-26(土) A卓 東,2026-09-26(土) C卓 南,2026-09-28(月) B卓 南,2026-09-28(月) B卓 北
第一回フォーサムリーグ,予選,黒雪姫,24,2026-09-02,月水土,2,2026-09-02(水) C卓 西,2026-09-02(水) A卓 南,2026-09-05(土) B卓 南,2026-09-05(土) C卓 西,2026-09-07(月) A卓 東,2026-09-07(月) C卓 東,2026-09-09(水) A卓 北,2026-09-09(水) C卓 東,2026-09-12(土) B卓 北,2026-09-12(土) C卓 北,2026-09-14(月) A卓 西,2026-09-14(月) A卓 西,2026-09-16(水) B卓 南,2026-09-16(水) C卓 北,2026-09-19(土) B卓 北,2026-09-19(土) A卓 東,2026-09-21(月) B卓 南,2026-09-21(月) B卓 南,2026-09-23(水) C卓 北,2026-09-23(水) C卓 西,2026-09-26(土) B卓 東,2026-09-26(土) A卓 東,2026-09-28(月) C卓 南,2026-09-28(月) A卓 西
第一回フォーサムリーグ,予選,振聴ぶれいく,24,2026-09-02,月水土,2,2026-09-02(水) C卓 南,2026-09-02(水) B卓 南,2026-09-05(土) A卓 北,2026-09-05(土) A卓 東,2026-09-07(月) C卓 南,2026-09-07(月) B卓 北,2026-09-09(水) B卓 北,2026-09-09(水) C卓 南,2026-09-12(土) C卓 北,2026-09-12(土) B卓 東,2026-09-14(月) B卓 北,2026-09-14(月) A卓 東,2026-09-16(水) C卓 東,2026-09-16(水) C卓 西,2026-09-19(土) B卓 西,2026-09-19(土) C卓 西,2026-09-21(月) A卓 東,2026-09-21(月) C卓 東,2026-09-23(水) C卓 南,2026-09-23(水) B卓 西,2026-09-26(土) C卓 南,2026-09-26(土) A卓 西,2026-09-28(月) B卓 西,2026-09-28(月) C卓 北
第一回フォーサムリーグ,予選,ベイクドもちょ,24,2026-09-02,月水土,2,2026-09-02(水) B卓 東,2026-09-02(水) B卓 西,2026-09-05(土) B卓 東,2026-09-05(土) C卓 北,2026-09-07(月) B卓 西,2026-09-07(月) A卓 南,2026-09-09(水) C卓 西,2026-09-09(水) C卓 北,2026-09-12(土) A卓 北,2026-09-12(土) A卓 南,2026-09-14(月) C卓 東,2026-09-14(月) A卓 北,2026-09-16(水) A卓 西,2026-09-16(水) A卓 南,2026-09-19(土) A卓 南,2026-09-19(土) B卓 北,2026-09-21(月) C卓 西,2026-09-21(月) B卓 東,2026-09-23(水) B卓 東,2026-09-23(水) C卓 南,2026-09-26(土) C卓 西,2026-09-26(土) A卓 北,2026-09-28(月) B卓 東,2026-09-28(月) C卓 南
第一回フォーサムリーグ,予選,ドラぱん組,24,2026-09-02,月水土,2,2026-09-02(水) B卓 西,2026-09-02(水) A卓 東,2026-09-05(土) A卓 南,2026-09-05(土) B卓 東,2026-09-07(月) A卓 西,2026-09-07(月) C卓 北,2026-09-09(水) C卓 南,2026-09-09(水) B卓 西,2026-09-12(土) A卓 西,2026-09-12(土) A卓 北,2026-09-14(月) B卓 西,2026-09-14(月) C卓 北,2026-09-16(水) C卓 南,2026-09-16(水) B卓 南,2026-09-19(土) B卓 東,2026-09-19(土) C卓 東,2026-09-21(月) A卓 南,2026-09-21(月) B卓 北,2026-09-23(水) A卓 西,2026-09-23(水) C卓 東,2026-09-26(土) C卓 北,2026-09-26(土) C卓 北,2026-09-28(月) A卓 南,2026-09-28(月) A卓 東
第一回フォーサムリーグ,予選,酒猫ふらっしゅ,24,2026-09-02,月水土,2,2026-09-02(水) C卓 東,2026-09-02(水) A卓 北,2026-09-05(土) C卓 東,2026-09-05(土) C卓 南,2026-09-07(月) B卓 東,2026-09-07(月) A卓 北,2026-09-09(水) A卓 南,2026-09-09(水) A卓 西,2026-09-12(土) C卓 西,2026-09-12(土) B卓 南,2026-09-14(月) C卓 北,2026-09-14(月) B卓 東,2026-09-16(水) C卓 北,2026-09-16(水) B卓 東,2026-09-19(土) C卓 南,2026-09-19(土) B卓 西,2026-09-21(月) A卓 西,2026-09-21(月) A卓 北,2026-09-23(水) B卓 西,2026-09-23(水) B卓 南,2026-09-26(土) B卓 西,2026-09-26(土) B卓 南,2026-09-28(月) A卓 東,2026-09-28(月) A卓 北
第一回フォーサムリーグ,予選,30代独身四暗刻,24,2026-09-02,月水土,2,2026-09-02(水) A卓 南,2026-09-02(水) C卓 東,2026-09-05(土) A卓 西,2026-09-05(土) C卓 東,2026-09-07(月) B卓 南,2026-09-07(月) A卓 東,2026-09-09(水) B卓 南,2026-09-09(水) A卓 東,2026-09-12(土) A卓 東,2026-09-12(土) C卓 西,2026-09-14(月) B卓 南,2026-09-14(月) B卓 北,2026-09-16(水) B卓 西,2026-09-16(水) A卓 北,2026-09-19(土) C卓 西,2026-09-19(土) C卓 北,2026-09-21(月) B卓 北,2026-09-21(月) A卓 西,2026-09-23(水) A卓 北,2026-09-23(水) A卓 北,2026-09-26(土) C卓 東,2026-09-26(土) A卓 南,2026-09-28(月) C卓 西,2026-09-28(月) B卓 南
第一回フォーサムリーグ,予選,チートイ3枚キ,24,2026-09-02,月水土,2,2026-09-02(水) B卓 南,2026-09-02(水) A卓 西,2026-09-05(土) A卓 東,2026-09-05(土) B卓 西,2026-09-07(月) B卓 北,2026-09-07(月) A卓 西,2026-09-09(水) B卓 東,2026-09-09(水) B卓 東,2026-09-12(土) B卓 南,2026-09-12(土) B卓 西,2026-09-14(月) A卓 北,2026-09-14(月) C卓 東,2026-09-16(水) A卓 南,2026-09-16(水) B卓 北,2026-09-19(土) C卓 東,2026-09-19(土) A卓 北,2026-09-21(月) C卓 南,2026-09-21(月) C卓 北,2026-09-23(水) C卓 東,2026-09-23(水) A卓 南,2026-09-26(土) A卓 南,2026-09-26(土) B卓 西,2026-09-28(月) C卓 北,2026-09-28(月) C卓 西
第一回フォーサムリーグ,予選,ヤニ2nd,24,2026-09-02,月水土,2,2026-09-02(水) A卓 西,2026-09-02(水) C卓 南,2026-09-05(土) C卓 南,2026-09-05(土) A卓 北,2026-09-07(月) A卓 南,2026-09-07(月) B卓 東,2026-09-09(水) C卓 北,2026-09-09(水) A卓 北,2026-09-12(土) B卓 東,2026-09-12(土) A卓 西,2026-09-14(月) B卓 東,2026-09-14(月) A卓 南,2026-09-16(水) A卓 北,2026-09-16(水) B卓 西,2026-09-19(土) A卓 西,2026-09-19(土) B卓 東,2026-09-21(月) B卓 西,2026-09-21(月) C卓 西,2026-09-23(水) A卓 南,2026-09-23(水) B卓 東,2026-09-26(土) A卓 北,2026-09-26(土) B卓 北,2026-09-28(月) C卓 東,2026-09-28(月) A卓 南
第一回フォーサムリーグ,セミファイナル,予選1位,12,2026-10-03,月水土,2,2026-10-03(土) A卓 北,2026-10-03(土) B卓 西,2026-10-05(月) A卓 西,2026-10-05(月) A卓 北,2026-10-07(水) A卓 南,2026-10-07(水) A卓 北,2026-10-10(土) A卓 東,2026-10-10(土) A卓 南,2026-10-12(月) A卓 東,2026-10-12(月) B卓 南,2026-10-14(水) B卓 東,2026-10-14(水) B卓 西,,,,,,,,,,,,
第一回フォーサムリーグ,セミファイナル,予選2位,12,2026-10-03,月水土,2,2026-10-03(土) B卓 西,2026-10-03(土) B卓 北,2026-10-05(月) A卓 南,2026-10-05(月) A卓 東,2026-10-07(水) A卓 北,2026-10-07(水) A卓 東,2026-10-10(土) A卓 北,2026-10-10(土) B卓 西,2026-10-12(月) B卓 西,2026-10-12(月) A卓 南,2026-10-14(水) A卓 東,2026-10-14(水) A卓 南,,,,,,,,,,,,
第一回フォーサムリーグ,セミファイナル,予選3位,12,2026-10-03,月水土,2,2026-10-03(土) A卓 西,2026-10-03(土) A卓 東,2026-10-05(月) B卓 南,2026-10-05(月) A卓 南,2026-10-07(水) B卓 東,2026-10-07(水) A卓 西,2026-10-10(土) B卓 北,2026-10-10(土) B卓 北,2026-10-12(月) A卓 西,2026-10-12(月) A卓 東,2026-10-14(水) A卓 南,2026-10-14(水) B卓 北,,,,,,,,,,,,
第一回フォーサムリーグ,セミファイナル,予選4位,12,2026-10-03,月水土,2,2026-10-03(土) B卓 東,2026-10-03(土) A卓 北,2026-10-05(月) A卓 東,2026-10-05(月) B卓 北,2026-10-07(水) A卓 西,2026-10-07(水) B卓 東,2026-10-10(土) B卓 南,2026-10-10(土) A卓 西,2026-10-12(月) A卓 南,2026-10-12(月) A卓 西,2026-10-14(水) B卓 南,2026-10-14(水) A卓 北,,,,,,,,,,,,
第一回フォーサムリーグ,セミファイナル,予選5位,12,2026-10-03,月水土,2,2026-10-03(土) B卓 北,2026-10-03(土) B卓 南,2026-10-05(月) B卓 西,2026-10-05(月) B卓 東,2026-10-07(水) B卓 西,2026-10-07(水) A卓 南,2026-10-10(土) B卓 西,2026-10-10(土) A卓 東,2026-10-12(月) B卓 東,2026-10-12(月) B卓 北,2026-10-14(水) B卓 北,2026-10-14(水) B卓 南,,,,,,,,,,,,
第一回フォーサムリーグ,セミファイナル,予選6位,12,2026-10-03,月水土,2,2026-10-03(土) A卓 東,2026-10-03(土) A卓 南,2026-10-05(月) B卓 東,2026-10-05(月) A卓 西,2026-10-07(水) B卓 南,2026-10-07(水) B卓 北,2026-10-10(土) A卓 西,2026-10-10(土) A卓 北,2026-10-12(月) B卓 南,2026-10-12(月) A卓 北,2026-10-14(水) B卓 西,2026-10-14(水) A卓 東,,,,,,,,,,,,
第一回フォーサムリーグ,セミファイナル,予選7位,12,2026-10-03,月水土,2,2026-10-03(土) A卓 南,2026-10-03(土) B卓 東,2026-10-05(月) A卓 北,2026-10-05(月) B卓 西,2026-10-07(水) B卓 北,2026-10-07(水) B卓 南,2026-10-10(土) B卓 東,2026-10-10(土) B卓 南,2026-10-12(月) A卓 北,2026-10-12(月) B卓 東,2026-10-14(水) A卓 西,2026-10-14(水) A卓 西,,,,,,,,,,,,
第一回フォーサムリーグ,セミファイナル,予選8位,12,2026-10-03,月水土,2,2026-10-03(土) B卓 南,2026-10-03(土) A卓 西,2026-10-05(月) B卓 北,2026-10-05(月) B卓 南,2026-10-07(水) A卓 東,2026-10-07(水) B卓 西,2026-10-10(土) A卓 南,2026-10-10(土) B卓 東,2026-10-12(月) B卓 北,2026-10-12(月) B卓 西,2026-10-14(水) A卓 北,2026-10-14(水) B卓 東,,,,,,,,,,,,
第一回フォーサムリーグ,ファイナル,セミファイナル1位,8,2026-10-17,月水土,2,2026-10-17(土) A卓 南,2026-10-17(土) A卓 西,2026-10-19(月) A卓 東,2026-10-19(月) A卓 西,2026-10-21(水) A卓 北,2026-10-21(水) A卓 南,2026-10-24(土) A卓 北,2026-10-24(土) A卓 東,,,,,,,,,,,,,,,,
第一回フォーサムリーグ,ファイナル,セミファイナル2位,8,2026-10-17,月水土,2,2026-10-17(土) A卓 北,2026-10-17(土) A卓 東,2026-10-19(月) A卓 北,2026-10-19(月) A卓 南,2026-10-21(水) A卓 西,2026-10-21(水) A卓 東,2026-10-24(土) A卓 南,2026-10-24(土) A卓 西,,,,,,,,,,,,,,,,
第一回フォーサムリーグ,ファイナル,セミファイナル3位,8,2026-10-17,月水土,2,2026-10-17(土) A卓 西,2026-10-17(土) A卓 北,2026-10-19(月) A卓 西,2026-10-19(月) A卓 東,2026-10-21(水) A卓 南,2026-10-21(水) A卓 北,2026-10-24(土) A卓 東,2026-10-24(土) A卓 南,,,,,,,,,,,,,,,,
第一回フォーサムリーグ,ファイナル,セミファイナル4位,8,2026-10-17,月水土,2,2026-10-17(土) A卓 東,2026-10-17(土) A卓 南,2026-10-19(月) A卓 南,2026-10-19(月) A卓 北,2026-10-21(水) A卓 東,2026-10-21(水) A卓 西,2026-10-24(土) A卓 西,2026-10-24(土) A卓 北,,,,,,,,,,,,,,,,
