大会名,チーム名,プレイヤー名,プレイヤーID,役割,リーグ構成
第二回フォーサムリーグ,東風一番,テスト選手01,900000001,リーダー,1次リーグ:16/2次リーグ:12:50/セミファイナル:8:50/ファイナル:4:50
第二回フォーサムリーグ,東風一番,テスト選手02,900000002,,1次リーグ:16/2次リーグ:12:50/セミファイナル:8:50/ファイナル:4:50
第二回フォーサムリーグ,東風一番,テスト選手03,900000003,,1次リーグ:16/2次リーグ:12:50/セミファイナル:8:50/ファイナル:4:50
第二回フォーサムリーグ,東風一番,テスト選手04,900000004,,1次リーグ:16/2次リーグ:12:50/セミファイナル:8:50/ファイナル:4:50
第二回フォーサムリーグ,南入ブラザーズ,テスト選手05,900000005,リーダー,1次リーグ:16/2次リーグ:12:50/セミファイナル:8:50/ファイナル:4:50
第二回フォーサムリーグ,南入ブラザーズ,テスト選手06,900000006,,1次リーグ:16/2次リーグ:12:50/セミファイナル:8:50/ファイナル:4:50
第二回フォーサムリーグ,南入ブラザーズ,テスト選手07,900000007,,1次リーグ:16/2次リーグ:12:50/セミファイナル:8:50/ファイナル:4:50
第二回フォーサムリーグ,南入ブラザーズ,テスト選手08,900000008,,1次リーグ:16/2次リーグ:12:50/セミファイナル:8:50/ファイナル:4:50
第二回フォーサムリーグ,西家の逆襲,テスト選手09,900000009,リーダー,1次リーグ:16/2次リーグ:12:50/セミファイナル:8:50/ファイナル:4:50
第二回フォーサムリーグ,西家の逆襲,テスト選手10,900000010,,1次リーグ:16/2次リーグ:12:50/セミファイナル:8:50/ファイナル:4:50
第二回フォーサムリーグ,西家の逆襲,テスト選手11,900000011,,1次リーグ:16/2次リーグ:12:50/セミファイナル:8:50/ファイナル:4:50
第二回フォーサムリーグ,西家の逆襲,テスト選手12,900000012,,1次リーグ:16/2次リーグ:12:50/セミファイナル:8:50/ファイナル:4:50
第二回フォーサムリーグ,北枕倶楽部,テスト選手13,900000013,リーダー,1次リーグ:16/2次リーグ:12:50/セミファイナル:8:50/ファイナル:4:50
第二回フォーサムリーグ,北枕倶楽部,テスト選手14,900000014,,1次リーグ:16/2次リーグ:12:50/セミファイナル:8:50/ファイナル:4:50
第二回フォーサムリーグ,北枕倶楽部,テスト選手15,900000015,,1次リーグ:16/2次リーグ:12:50/セミファイナル:8:50/ファイナル:4:50
第二回フォーサムリーグ,北枕倶楽部,テスト選手16,900000016,,1次リーグ:16/2次リーグ:12:50/セミファイナル:8:50/ファイナル:4:50
第二回フォーサムリーグ,一気通貫組,テスト選手17,900000017,リーダー,1次リーグ:16/2次リーグ:12:50/セミファイナル:8:50/ファイナル:4:50
第二回フォーサムリーグ,一気通貫組,テスト選手18,900000018,,1次リーグ:16/2次リーグ:12:50/セミファイナル:8:50/ファイナル:4:50
第二回フォーサムリーグ,一気通貫組,テスト選手19,900000019,,1次リーグ:16/2次リーグ:12:50/セミファイナル:8:50/ファイナル:4:50
第二回フォーサムリーグ,一気通貫組,テスト選手20,900000020,,1次リーグ:16/2次リーグ:12:50/セミファイナル:8:50/ファイナル:4:50
第二回フォーサムリーグ,三色同順会,テスト選手21,900000021,リーダー,1次リーグ:16/2次リーグ:12:50/セミファイナル:8:50/ファイナル:4:50
第二回フォーサムリーグ,三色同順会,テスト選手22,900000022,,1次リーグ:16/2次リーグ:12:50/セミファイナル:8:50/ファイナル:4:50
第二回フォーサムリーグ,三色同順会,テスト選手23,900000023,,1次リーグ:16/2次リーグ:12:50/セミファイナル:8:50/ファイナル:4:50
第二回フォーサムリーグ,三色同順会,テスト選手24,900000024,,1次リーグ:16/2次リーグ:12:50/セミファイナル:8:50/ファイナル:4:50
第二回フォーサムリーグ,七対子同盟,テスト選手25,900000025,リーダー,1次リーグ:16/2次リーグ:12:50/セミファイナル:8:50/ファイナル:4:50
第二回フォーサムリーグ,七対子同盟,テスト選手26,900000026,,1次リーグ:16/2次リーグ:12:50/セミファイナル:8:50/ファイナル:4:50
第二回フォーサムリーグ,七対子同盟,テスト選手27,900000027,,1次リーグ:16/2次リーグ:12:50/セミファイナル:8:50/ファイナル:4:50
第二回フォーサムリーグ,七対子同盟,テスト選手28,900000028,,1次リーグ:16/2次リーグ:12:50/セミファイナル:8:50/ファイナル:4:50
第二回フォーサムリーグ,国士無双隊,テスト選手29,900000029,リーダー,1次リーグ:16/2次リーグ:12:50/セミファイナル:8:50/ファイナル:4:50
第二回フォーサムリーグ,国士無双隊,テスト選手30,900000030,,1次リーグ:16/2次リーグ:12:50/セミファイナル:8:50/ファイナル:4:50
第二回フォーサムリーグ,国士無双隊,テスト選手31,900000031,,1次リーグ:16/2次リーグ:12:50/セミファイナル:8:50/ファイナル:4:50
第二回フォーサムリーグ,国士無双隊,テスト選手32,900000032,,1次リーグ:16/2次リーグ:12:50/セミファイナル:8:50/ファイナル:4:50
第二回フォーサムリーグ,清一色団,テスト選手33,900000033,リーダー,1次リーグ:16/2次リーグ:12:50/セミファイナル:8:50/ファイナル:4:50
第二回フォーサムリーグ,清一色団,テスト選手34,900000034,,1次リーグ:16/2次リーグ:12:50/セミファイナル:8:50/ファイナル:4:50
第二回フォーサムリーグ,清一色団,テスト選手35,900000035,,1次リーグ:16/2次リーグ:12:50/セミファイナル:8:50/ファイナル:4:50
第二回フォーサムリーグ,清一色団,テスト選手36,900000036,,1次リーグ:16/2次リーグ:12:50/セミファイナル:8:50/ファイナル:4:50
第二回フォーサムリーグ,嶺上開花,テスト選手37,900000037,リーダー,1次リーグ:16/2次リーグ:12:50/セミファイナル:8:50/ファイナル:4:50
第二回フォーサムリーグ,嶺上開花,テスト選手38,900000038,,1次リーグ:16/2次リーグ:12:50/セミファイナル:8:50/ファイナル:4:50
第二回フォーサムリーグ,嶺上開花,テスト選手39,900000039,,1次リーグ:16/2次リーグ:12:50/セミファイナル:8:50/ファイナル:4:50
第二回フォーサムリーグ,嶺上開花,テスト選手40,900000040,,1次リーグ:16/2次リーグ:12:50/セミファイナル:8:50/ファイナル:4:50
第二回フォーサムリーグ,海底撈月,テスト選手41,900000041,リーダー,1次リーグ:16/2次リーグ:12:50/セミファイナル:8:50/ファイナル:4:50
第二回フォーサムリーグ,海底撈月,テスト選手42,900000042,,1次リーグ:16/2次リーグ:12:50/セミファイナル:8:50/ファイナル:4:50
第二回フォーサムリーグ,海底撈月,テスト選手43,900000043,,1次リーグ:16/2次リーグ:12:50/セミファイナル:8:50/ファイナル:4:50
第二回フォーサムリーグ,海底撈月,テスト選手44,900000044,,1次リーグ:16/2次リーグ:12:50/セミファイナル:8:50/ファイナル:4:50
第二回フォーサムリーグ,断么九ズ,テスト選手45,900000045,リーダー,1次リーグ:16/2次リーグ:12:50/セミファイナル:8:50/ファイナル:4:50
第二回フォーサムリーグ,断么九ズ,テスト選手46,900000046,,1次リーグ:16/2次リーグ:12:50/セミファイナル:8:50/ファイナル:4:50
第二回フォーサムリーグ,断么九ズ,テスト選手47,900000047,,1次リーグ:16/2次リーグ:12:50/セミファイナル:8:50/ファイナル:4:50
第二回フォーサムリーグ,断么九ズ,テスト選手48,900000048,,1次リーグ:16/2次リーグ:12:50/セミファイナル:8:50/ファイナル:4:50
第二回フォーサムリーグ,平和主義者,テスト選手49,900000049,リーダー,1次リーグ:16/2次リーグ:12:50/セミファイナル:8:50/ファイナル:4:50
第二回フォーサムリーグ,平和主義者,テスト選手50,900000050,,1次リーグ:16/2次リーグ:12:50/セミファイナル:8:50/ファイナル:4:50
第二回フォーサムリーグ,平和主義者,テスト選手51,900000051,,1次リーグ:16/2次リーグ:12:50/セミファイナル:8:50/ファイナル:4:50
第二回フォーサムリーグ,平和主義者,テスト選手52,900000052,,1次リーグ:16/2次リーグ:12:50/セミファイナル:8:50/ファイナル:4:50
第二回フォーサムリーグ,対々和軍,テスト選手53,900000053,リーダー,1次リーグ:16/2次リーグ:12:50/セミファイナル:8:50/ファイナル:4:50
第二回フォーサムリーグ,対々和軍,テスト選手54,900000054,,1次リーグ:16/2次リーグ:12:50/セミファイナル:8:50/ファイナル:4:50
第二回フォーサムリーグ,対々和軍,テスト選手55,900000055,,1次リーグ:16/2次リーグ:12:50/セミファイナル:8:50/ファイナル:4:50
第二回フォーサムリーグ,対々和軍,テスト選手56,900000056,,1次リーグ:16/2次リーグ:12:50/セミファイナル:8:50/ファイナル:4:50
第二回フォーサムリーグ,混一色屋,テスト選手57,900000057,リーダー,1次リーグ:16/2次リーグ:12:50/セミファイナル:8:50/ファイナル:4:50
第二回フォーサムリーグ,混一色屋,テスト選手58,900000058,,1次リーグ:16/2次リーグ:12:50/セミファイナル:8:50/ファイナル:4:50
第二回フォーサムリーグ,混一色屋,テスト選手59,900000059,,1次リーグ:16/2次リーグ:12:50/セミファイナル:8:50/ファイナル:4:50
第二回フォーサムリーグ,混一色屋,テスト選手60,900000060,,1次リーグ:16/2次リーグ:12:50/セミファイナル:8:50/ファイナル:4:50
第二回フォーサムリーグ,天和待ち,テスト選手61,900000061,リーダー,1次リーグ:16/2次リーグ:12:50/セミファイナル:8:50/ファイナル:4:50
第二回フォーサムリーグ,天和待ち,テスト選手62,900000062,,1次リーグ:16/2次リーグ:12:50/セミファイナル:8:50/ファイナル:4:50
第二回フォーサムリーグ,天和待ち,テスト選手63,900000063,,1次リーグ:16/2次リーグ:12:50/セミファイナル:8:50/ファイナル:4:50
第二回フォーサムリーグ,天和待ち,テスト選手64,900000064,,1次リーグ:16/2次リーグ:12:50/セミファイナル:8:50/ファイナル:4:50
