プレイヤーID,プレイヤー名,局数,和了数,放銃数,副露数,立直数,立直成功数,立直放銃数,ツモ数,ロン数,ダマ数,ダマ成功数,立直巡目数,和了点数
137746445,ここここきじゅ,79,28,3,30,16,10,0,12,16,4,2,142,188800
132889350,綴美,71,17,13,22,16,7,3,10,7,6,2,149,135200
107121024,ミルモでチー,94,28,17,36,22,13,3,11,17,3,0,203,162800
85850055,十勝寅,52,14,4,18,8,4,0,6,8,3,0,67,43900
127685187,yukke_08,86,23,8,33,16,9,1,9,14,7,2,178,210700
121291970,クッション枕,56,18,8,0,22,16,2,9,9,3,1,202,115700
91745475,のあだよ〜ん,81,20,11,18,22,11,4,6,14,2,2,210,106900
122700559,ひつじ04,70,10,8,19,7,4,0,6,4,4,1,63,68600
109832068,Joyo,76,21,9,18,11,7,1,6,15,6,0,87,153400
132385032,富士丸ラーメン,75,17,12,24,19,9,6,6,11,2,1,158,75000
123527427,いぐすけ,73,7,11,17,14,2,4,3,4,5,3,134,31900
110404097,crac,64,5,14,18,12,3,6,3,2,2,0,104,34200
102767246,やまどりぃ,94,27,10,43,21,11,1,8,19,6,3,190,135800
139970501,ココとコマ,54,14,5,11,6,4,0,4,10,7,5,40,69800
105958026,モモンs,70,10,7,21,10,4,0,4,6,5,1,102,64800
85657666,tsuna_san,65,19,8,11,22,10,4,7,12,5,2,186,74500
103136012,ルート12345,87,18,4,23,20,11,1,5,13,5,2,165,118000
101672072,きょーか8,70,10,3,13,7,4,0,3,7,5,1,56,61300
113140034,クロミです,75,15,6,16,11,6,1,6,9,3,1,95,85500
99259658,CVココア,58,6,9,18,5,2,0,2,4,5,0,49,46600
116517186,ぞじまーじゃん,86,26,10,28,14,11,1,12,14,4,2,123,135000
130945282,プニ太郎,80,19,7,25,15,7,2,11,8,5,1,131,101000
126958659,tazmitu,74,17,8,27,13,7,1,9,8,8,3,136,103500
84158849,しゅんんたろう,61,13,9,15,11,5,3,8,5,4,1,101,54400
108211976,佐鳥乃愛,77,19,4,22,10,7,0,8,11,3,1,83,87900
123842955,アヤコぽん,57,13,7,19,9,5,0,4,9,6,3,84,51900
141442184,パラセクト。,68,12,12,25,17,6,3,7,5,3,0,156,56000
113816715,あるですけど,71,5,18,27,13,0,5,2,3,2,0,141,14500
141362566,まー29,79,18,6,29,20,10,2,4,14,3,2,149,96800
135562955,【くぅー】,70,12,6,16,16,7,2,7,5,3,2,164,91200
135989001,ちたーふ,74,12,8,19,11,6,1,3,9,4,2,95,51100
130636363,龍華。。,74,10,9,9,17,10,0,3,7,1,0,134,65000
127500682,めいぴょい,81,20,3,23,11,7,0,5,15,6,2,81,100300
103999753,kotetsu0422,65,13,5,12,14,6,2,6,7,3,1,135,65300
129773571,うに嫌い。,69,10,5,7,14,5,2,4,6,5,2,141,50200
128142273,ーはまちー,67,8,9,16,12,4,2,5,3,2,1,110,42500
121573512,wot毒舌妹bot,88,18,8,34,24,7,2,9,9,3,0,219,120900
140986564,ミラージュ梅,46,9,5,5,8,2,2,2,7,5,3,72,42400
104870668,けーびぃー,118,23,20,35,21,10,4,9,14,6,3,149,122200
100881664,ハッチz,30,6,5,7,6,3,0,2,4,1,1,51,31700
121446473,Akise299,75,22,12,39,6,3,1,5,17,8,4,66,150200
136382147,【ぺた】,95,18,18,24,20,10,4,9,9,5,3,179,113600
87368974,むしちゃんです,26,5,11,14,6,3,3,2,3,0,0,58,20800
128534146,アラキ,86,14,13,22,19,9,3,7,7,6,1,177,87600
99489737,閄くん,55,14,8,19,12,7,1,5,9,2,1,110,93100
89745024,椎名_彩矢奈,43,12,8,23,9,6,2,2,10,0,0,70,53900
110084301,かんんちゃ,116,20,19,31,18,7,1,8,12,7,2,178,96400
86425605,suzuken3,83,12,14,21,10,3,2,5,7,8,3,89,60500
