大会名,チーム名,プレイヤー名,プレイヤーID,役割,リーグ構成
第一回フォーサムリーグ,ネコババしちゃったキジュトラ,ここここきじゅ,137746445,リーダー,予選:12/セミファイナル:8:50/ファイナル:4:50
第一回フォーサムリーグ,ネコババしちゃったキジュトラ,綴美,132889350,,予選:12/セミファイナル:8:50/ファイナル:4:50
第一回フォーサムリーグ,ネコババしちゃったキジュトラ,ミルモでチー,107121024,,予選:12/セミファイナル:8:50/ファイナル:4:50
第一回フォーサムリーグ,ネコババしちゃったキジュトラ,十勝寅,85850055,,予選:12/セミファイナル:8:50/ファイナル:4:50
第一回フォーサムリーグ,後ろ盾あります,yukke_08,127685187,リーダー,予選:12/セミファイナル:8:50/ファイナル:4:50
第一回フォーサムリーグ,後ろ盾あります,クッション枕,121291970,,予選:12/セミファイナル:8:50/ファイナル:4:50
第一回フォーサムリーグ,後ろ盾あります,のあだよ〜ん,91745475,,予選:12/セミファイナル:8:50/ファイナル:4:50
第一回フォーサムリーグ,後ろ盾あります,ひつじ04,122700559,,予選:12/セミファイナル:8:50/ファイナル:4:50
第一回フォーサムリーグ,株式会社JOYOTA,Joyo,109832068,リーダー,予選:12/セミファイナル:8:50/ファイナル:4:50
第一回フォーサムリーグ,株式会社JOYOTA,富士丸ラーメン,132385032,,予選:12/セミファイナル:8:50/ファイナル:4:50
第一回フォーサムリーグ,株式会社JOYOTA,いぐすけ,123527427,,予選:12/セミファイナル:8:50/ファイナル:4:50
第一回フォーサムリーグ,株式会社JOYOTA,crac,110404097,,予選:12/セミファイナル:8:50/ファイナル:4:50
第一回フォーサムリーグ,なつなつフェスティバル,やまどりぃ,102767246,リーダー,予選:12/セミファイナル:8:50/ファイナル:4:50
第一回フォーサムリーグ,なつなつフェスティバル,ココとコマ,139970501,,予選:12/セミファイナル:8:50/ファイナル:4:50
第一回フォーサムリーグ,なつなつフェスティバル,モモンs,105958026,,予選:12/セミファイナル:8:50/ファイナル:4:50
第一回フォーサムリーグ,なつなつフェスティバル,tsuna_san,85657666,,予選:12/セミファイナル:8:50/ファイナル:4:50
第一回フォーサムリーグ,黒雪姫,ルート12345,103136012,リーダー,予選:12/セミファイナル:8:50/ファイナル:4:50
第一回フォーサムリーグ,黒雪姫,きょーか8,101672072,,予選:12/セミファイナル:8:50/ファイナル:4:50
第一回フォーサムリーグ,黒雪姫,クロミです,113140034,,予選:12/セミファイナル:8:50/ファイナル:4:50
第一回フォーサムリーグ,黒雪姫,CVココア,99259658,,予選:12/セミファイナル:8:50/ファイナル:4:50
第一回フォーサムリーグ,振聴ぶれいく,ぞじまーじゃん,116517186,リーダー,予選:12/セミファイナル:8:50/ファイナル:4:50
第一回フォーサムリーグ,振聴ぶれいく,プニ太郎,130945282,,予選:12/セミファイナル:8:50/ファイナル:4:50
第一回フォーサムリーグ,振聴ぶれいく,tazmitu,126958659,,予選:12/セミファイナル:8:50/ファイナル:4:50
第一回フォーサムリーグ,振聴ぶれいく,しゅんんたろう,84158849,,予選:12/セミファイナル:8:50/ファイナル:4:50
第一回フォーサムリーグ,ベイクドもちょ,佐鳥乃愛,108211976,リーダー,予選:12/セミファイナル:8:50/ファイナル:4:50
第一回フォーサムリーグ,ベイクドもちょ,アヤコぽん,123842955,,予選:12/セミファイナル:8:50/ファイナル:4:50
第一回フォーサムリーグ,ベイクドもちょ,パラセクト。,141442184,,予選:12/セミファイナル:8:50/ファイナル:4:50
第一回フォーサムリーグ,ベイクドもちょ,あるですけど,113816715,,予選:12/セミファイナル:8:50/ファイナル:4:50
第一回フォーサムリーグ,ドラぱん組,まー29,141362566,リーダー,予選:12/セミファイナル:8:50/ファイナル:4:50
第一回フォーサムリーグ,ドラぱん組,【くぅー】,135562955,,予選:12/セミファイナル:8:50/ファイナル:4:50
第一回フォーサムリーグ,ドラぱん組,ちたーふ,135989001,,予選:12/セミファイナル:8:50/ファイナル:4:50
第一回フォーサムリーグ,ドラぱん組,龍華。。,130636363,,予選:12/セミファイナル:8:50/ファイナル:4:50
第一回フォーサムリーグ,酒猫ふらっしゅ,めいぴょい,127500682,リーダー,予選:12/セミファイナル:8:50/ファイナル:4:50
第一回フォーサムリーグ,酒猫ふらっしゅ,kotetsu0422,103999753,,予選:12/セミファイナル:8:50/ファイナル:4:50
第一回フォーサムリーグ,酒猫ふらっしゅ,うに嫌い。,129773571,,予選:12/セミファイナル:8:50/ファイナル:4:50
第一回フォーサムリーグ,酒猫ふらっしゅ,ーはまちー,128142273,,予選:12/セミファイナル:8:50/ファイナル:4:50
第一回フォーサムリーグ,30代独身四暗刻婚期待ち,wot毒舌妹bot,121573512,リーダー,予選:12/セミファイナル:8:50/ファイナル:4:50
第一回フォーサムリーグ,30代独身四暗刻婚期待ち,ミラージュ梅,140986564,,予選:12/セミファイナル:8:50/ファイナル:4:50
第一回フォーサムリーグ,30代独身四暗刻婚期待ち,けーびぃー,104870668,,予選:12/セミファイナル:8:50/ファイナル:4:50
第一回フォーサムリーグ,30代独身四暗刻婚期待ち,ハッチz,100881664,,予選:12/セミファイナル:8:50/ファイナル:4:50
第一回フォーサムリーグ,チートイ3枚キ,Akise299,121446473,リーダー,予選:12/セミファイナル:8:50/ファイナル:4:50
第一回フォーサムリーグ,チートイ3枚キ,【ぺた】,136382147,,予選:12/セミファイナル:8:50/ファイナル:4:50
第一回フォーサムリーグ,チートイ3枚キ,むしちゃんです,87368974,,予選:12/セミファイナル:8:50/ファイナル:4:50
第一回フォーサムリーグ,チートイ3枚キ,アラキ,128534146,,予選:12/セミファイナル:8:50/ファイナル:4:50
第一回フォーサムリーグ,ヤニ2nd,閄くん,99489737,リーダー,予選:12/セミファイナル:8:50/ファイナル:4:50
第一回フォーサムリーグ,ヤニ2nd,椎名_彩矢奈,89745024,,予選:12/セミファイナル:8:50/ファイナル:4:50
第一回フォーサムリーグ,ヤニ2nd,かんんちゃ,110084301,,予選:12/セミファイナル:8:50/ファイナル:4:50
第一回フォーサムリーグ,ヤニ2nd,suzuken3,86425605,,予選:12/セミファイナル:8:50/ファイナル:4:50
